"offense","year","Latitude","Longitude"
"Homicide",2000,38.8418007,-76.9921036
"Homicide",2000,38.846199,-76.9784012
"Homicide",2000,38.9247017,-77.0297012
"Homicide",2000,38.8935013,-76.9835968
"Homicide",2000,38.9103012,-77.0106964
"Homicide",2000,38.914299,-77.0197983
"Homicide",2000,38.9277,-77.030098
"Homicide",2000,38.8406982,-76.9884033
"Homicide",2000,38.9210014,-77.0419998
"Homicide",2000,38.9673004,-77.0242004
"Homicide",2000,38.9210014,-77.0419998
"Homicide",2000,38.9020996,-76.9829025
"Homicide",2000,38.8900986,-76.9514999
"Homicide",2000,38.9612999,-77.0198975
"Homicide",2000,38.9131012,-76.9866028
"Homicide",2000,38.9131012,-76.9866028
"Homicide",2000,38.8759003,-76.9357986
"Homicide",2000,38.8312988,-77.0056
"Homicide",2000,38.8552017,-76.9887009
"Homicide",2000,38.8899002,-76.9552002
"Homicide",2000,38.884201,-76.9854965
"Homicide",2000,38.9155998,-77.0100021
"Homicide",2000,38.8544998,-76.9704971
"Homicide",2000,38.9672012,-77.0229034
"Homicide",2000,38.9376984,-77.0235977
"Homicide",2000,38.9436989,-77.0065994
"Homicide",2000,38.8672981,-76.9905014
"Homicide",2000,38.9314003,-77.0217972
"Homicide",2000,38.8653984,-76.9784012
"Homicide",2000,38.9313011,-77.0355988
"Homicide",2000,38.8419991,-76.9876022
"Homicide",2000,38.8847008,-76.9251022
"Homicide",2000,38.8764,-76.9327011
"Homicide",2000,38.9296989,-76.9906998
"Homicide",2000,38.9342995,-76.9682999
"Homicide",2000,38.9323006,-77.0221024
"Homicide",2000,38.8894997,-76.9821014
"Homicide",2000,38.921299,-77.0723038
"Homicide",2000,38.9135017,-77.0151978
"Homicide",2000,38.9327011,-77.0229034
"Homicide",2000,38.9034004,-76.9914017
"Homicide",2000,38.9341011,-76.9812012
"Homicide",2000,38.9155998,-77.0034027
"Homicide",2000,38.9341011,-76.9812012
"Homicide",2000,38.8652,-76.9521027
"Homicide",2000,38.902401,-76.9910965
"Homicide",2000,38.902401,-76.9910965
"Homicide",2000,38.8376007,-76.9891968
"Homicide",2000,38.902401,-76.9910965
"Homicide",2000,38.8824005,-76.9393997
"Homicide",2000,38.9528999,-77.0074005
"Homicide",2000,38.8944016,-76.9162979
"Homicide",2000,38.9076996,-77.0716019
"Homicide",2000,38.9015007,-76.9775009
"Homicide",2000,38.9399986,-77.0298004
"Homicide",2000,38.9338989,-77.030899
"Homicide",2000,38.9422989,-77.0139999
"Homicide",2000,38.8931007,-76.924202
"Homicide",2000,38.8959999,-76.9805984
"Homicide",2000,38.8470993,-76.972702
"Homicide",2000,38.8802986,-76.9610977
"Homicide",2000,38.8821983,-76.9335022
"Homicide",2000,38.8623009,-76.9709015
"Homicide",2000,38.9014015,-76.9297028
"Homicide",2000,38.9014015,-76.9297028
"Homicide",2000,38.8833008,-76.9253006
"Homicide",2000,38.9126015,-77.0261002
"Homicide",2000,38.823101,-77.004303
"Homicide",2000,38.9547997,-77.0114975
"Homicide",2000,38.8997002,-77.0218964
"Homicide",2000,38.8316002,-76.9897003
"Homicide",2000,38.9224014,-76.9922028
"Homicide",2000,38.9221001,-76.9936981
"Homicide",2000,38.9305,-77.036499
"Homicide",2000,38.8974991,-76.9427032
"Homicide",2000,38.9278984,-77.032402
"Homicide",2000,38.9199982,-76.9832993
"Homicide",2000,38.8566017,-76.9719009
"Homicide",2000,38.9147987,-77.0319977
"Homicide",2000,38.8908005,-76.9138031
"Homicide",2000,38.8588982,-76.9870987
"Homicide",2000,38.8795013,-76.9896011
"Homicide",2000,38.8418007,-76.9921036
"Homicide",2000,38.8875008,-76.9524002
"Homicide",2000,38.9555016,-77.0199966
"Homicide",2000,38.9655991,-77.0199966
"Homicide",2000,38.9524994,-77.0697021
"Homicide",2000,38.8837013,-76.9287033
"Homicide",2000,38.8785019,-76.9915009
"Homicide",2000,38.8988991,-77.0072021
"Homicide",2000,38.9351006,-77.0286026
"Homicide",2000,38.9011993,-76.973999
"Homicide",2000,38.9123993,-76.9377975
"Homicide",2000,38.9415016,-77.0141983
"Homicide",2000,38.9054985,-76.9759979
"Homicide",2000,38.8983994,-76.9393005
"Homicide",2000,38.8658981,-76.9751968
"Homicide",2000,38.8765984,-76.9327011
"Homicide",2000,38.8543015,-76.9896011
"Homicide",2000,38.9061012,-77.0297012
"Homicide",2000,38.8292999,-76.9949036
"Homicide",2000,38.9757004,-77.0230026
"Homicide",2000,38.9314003,-76.966301
"Homicide",2000,38.9389,-77.0327988
"Homicide",2000,38.8899002,-76.9789963
"Homicide",2000,38.8899002,-76.9789963
"Homicide",2000,38.9328995,-77.0221024
"Homicide",2000,38.9364014,-77.0212021
"Homicide",2000,38.9006004,-76.9365005
"Homicide",2000,38.9245987,-77.0007019
"Homicide",2000,38.8330994,-77.0057983
"Homicide",2000,38.8268013,-76.9943008
"Homicide",2000,38.9017982,-76.9255981
"Homicide",2000,38.8340988,-76.9919968
"Homicide",2000,38.9655991,-77.0215988
"Homicide",2000,38.9655991,-77.0215988
"Homicide",2000,38.8961983,-76.9787979
"Homicide",2000,38.9179993,-77.0054016
"Homicide",2000,38.8406982,-77.0026016
"Homicide",2000,38.8409996,-76.9917984
"Homicide",2000,38.9221001,-76.9881973
"Homicide",2000,38.9141006,-77.0261002
"Homicide",2000,38.9035988,-76.9794998
"Homicide",2000,38.8903999,-76.917099
"Homicide",2000,38.824501,-77.001503
"Homicide",2000,38.8919983,-76.9894028
"Homicide",2000,38.8451996,-76.9998016
"Homicide",2000,38.8931999,-76.9294968
"Homicide",2000,38.8931999,-76.9294968
"Homicide",2000,38.8832016,-76.9385986
"Homicide",2000,38.8797989,-76.9853973
"Homicide",2000,38.8797989,-76.9853973
"Homicide",2000,38.8932991,-76.9791031
"Homicide",2000,38.8535004,-76.9657974
"Homicide",2000,38.9017982,-76.9927979
"Homicide",2000,38.8843002,-76.9610977
"Homicide",2000,38.8983002,-76.9296036
"Homicide",2000,38.8404007,-76.9982986
"Homicide",2000,38.9002991,-76.9733963
"Homicide",2000,38.8404007,-76.9982986
"Homicide",2000,38.9342003,-76.9674988
"Homicide",2000,38.8863983,-76.9464035
"Homicide",2000,38.8473015,-76.9729996
"Homicide",2000,38.949501,-76.9882965
"Homicide",2000,38.921299,-77.0421982
"Homicide",2000,38.9001999,-76.9854965
"Homicide",2000,38.9276009,-76.9924011
"Homicide",2000,38.8950005,-76.9791031
"Homicide",2000,38.8255005,-76.9998016
"Homicide",2000,38.9529991,-77.0222015
"Homicide",2000,38.9095993,-77.0242996
"Homicide",2000,38.8970985,-76.9309998
"Homicide",2000,38.8970985,-76.9309998
"Homicide",2000,38.9192009,-76.9749985
"Homicide",2000,38.8482018,-76.9824982
"Homicide",2000,38.9266014,-77.0230026
"Homicide",2000,38.9276009,-76.9906006
"Homicide",2000,38.9276009,-76.9906006
"Homicide",2000,38.9053993,-77.0111008
"Homicide",2000,38.9104996,-77.0270004
"Homicide",2000,38.8591003,-76.9991989
"Homicide",2000,38.9048996,-76.989502
"Homicide",2000,38.9275017,-77.0325012
"Homicide",2000,38.8671989,-76.9802017
"Homicide",2000,38.8712997,-76.9822006
"Homicide",2000,38.9056015,-77.0218964
"Homicide",2000,38.9155998,-77.0230026
"Homicide",2000,38.9257011,-77.0311966
"Homicide",2000,38.8278008,-77.0007019
"Homicide",2000,38.8818016,-76.9393997
"Homicide",2000,38.8637009,-76.9838028
"Homicide",2000,38.8806992,-76.9897995
"Homicide",2000,38.8797989,-76.9853973
"Homicide",2000,38.861599,-76.9873962
"Homicide",2000,38.9185982,-77.0147018
"Homicide",2000,38.889801,-76.9159012
"Homicide",2000,38.8588982,-76.9870987
"Homicide",2000,38.9191017,-76.9831009
"Homicide",2000,38.9042015,-76.9828033
"Homicide",2000,38.8292999,-76.9938965
"Homicide",2000,38.9359016,-77.0327988
"Homicide",2000,38.9497986,-77.0205994
"Homicide",2000,38.9740982,-77.0267029
"Homicide",2000,38.9129982,-76.9375992
"Homicide",2000,38.9126015,-77.0085983
"Homicide",2000,38.8325005,-76.9881973
"Homicide",2000,38.9076996,-77.0187988
"Homicide",2000,38.8595009,-76.9555969
"Homicide",2000,38.8815002,-76.9291
"Homicide",2000,38.9096985,-77.0205994
"Homicide",2000,38.9045982,-76.9943008
"Homicide",2000,38.8984985,-77.0220032
"Homicide",2000,38.9483986,-77.0257034
"Homicide",2000,38.9035988,-76.9859009
"Homicide",2000,38.918499,-77.0066986
"Homicide",2000,38.9407005,-77.0297012
"Homicide",2000,38.9124985,-77.0151978
"Homicide",2000,38.9035988,-76.9750977
"Homicide",2000,38.9076004,-77.0187988
"Homicide",2000,38.9328003,-77.0226974
"Homicide",2000,38.905899,-76.9773026
"Homicide",2000,38.9341011,-77.0327988
"Homicide",2000,38.8955002,-76.9835968
"Homicide",2000,38.9030991,-76.9241028
"Homicide",2000,38.9364014,-77.0327988
"Homicide",2000,38.8596992,-77.0008011
"Homicide",2000,38.8941002,-76.9238968
"Homicide",2000,38.9070015,-76.9889984
"Homicide",2000,38.8684998,-76.9669037
"Homicide",2000,38.9234009,-76.9754028
"Homicide",2000,38.9096985,-76.9868011
"Homicide",2000,38.9822998,-77.0263977
"Homicide",2000,38.9247017,-77.0297012
"Homicide",2000,38.8713989,-76.9822998
"Homicide",2000,38.9132996,-77.0130997
"Homicide",2000,38.838501,-77.0027008
"Homicide",2000,38.8446999,-76.9788971
"Homicide",2000,38.8983994,-76.9179001
"Homicide",2000,38.8401985,-77.0045013
"Homicide",2000,38.9361,-77.0226974
"Homicide",2000,38.9145012,-77.0157013
"Homicide",2000,38.8330994,-77.004303
"Homicide",2000,38.8544006,-76.9654999
"Homicide",2000,38.926899,-77.0261002
"Homicide",2000,38.8876991,-76.9806976
"Homicide",2000,38.8909988,-76.9178009
"Homicide",2000,38.8937988,-76.9301987
"Homicide",2000,38.8900986,-76.935997
"Homicide",2000,38.8783989,-76.9915009
"Homicide",2000,38.9289017,-76.968399
"Homicide",2000,38.9205017,-77.0091019
"Homicide",2000,38.8377991,-77.0045013
"Homicide",2000,38.8250008,-77.0067978
"Homicide",2000,38.9067993,-76.9802017
"Homicide",2000,38.8613014,-76.9840012
"Homicide",2000,38.8708,-77.0112
"Homicide",2000,38.8722,-76.9750977
"Homicide",2000,38.8933983,-76.9806976
"Homicide",2000,38.8694992,-76.9822006
"Homicide",2000,38.8288994,-77.0007019
"Homicide",2001,38.8997002,-76.9913025
"Homicide",2001,38.8544006,-76.9714966
"Homicide",2001,38.9258003,-77.0081024
"Homicide",2001,38.8731003,-76.9649963
"Homicide",2001,38.8707008,-76.9413986
"Homicide",2001,38.8487015,-77.0022964
"Homicide",2001,38.9427986,-77.0376968
"Homicide",2001,38.8853989,-76.9272003
"Homicide",2001,38.9267998,-76.993103
"Homicide",2001,38.8861008,-76.9197006
"Homicide",2001,38.8307991,-77.0008011
"Homicide",2001,38.830101,-77.0075989
"Homicide",2001,38.9553986,-77.0238037
"Homicide",2001,38.8314018,-77.0053024
"Homicide",2001,38.9236984,-76.987999
"Homicide",2001,38.9236984,-76.987999
"Homicide",2001,38.8978004,-76.9160004
"Homicide",2001,38.8950996,-76.9787979
"Homicide",2001,38.8595009,-76.9912033
"Homicide",2001,38.9045982,-76.9943008
"Homicide",2001,38.9033012,-77.0337982
"Homicide",2001,38.8711014,-76.9741974
"Homicide",2001,38.9277992,-77.0217972
"Homicide",2001,38.8550987,-76.9732971
"Homicide",2001,38.9351006,-77.0313034
"Homicide",2001,38.8218002,-77.0014038
"Homicide",2001,38.8238983,-76.9996033
"Homicide",2001,38.9168015,-77.0468979
"Homicide",2001,38.9534988,-77.0218964
"Homicide",2001,38.887001,-76.9184036
"Homicide",2001,38.8487015,-77.0054016
"Homicide",2001,38.8511009,-76.9738007
"Homicide",2001,38.8521996,-76.9847031
"Homicide",2001,38.8732986,-76.9728012
"Homicide",2001,38.8298988,-76.9944
"Homicide",2001,38.8298988,-76.9944
"Homicide",2001,38.9107018,-77.0025024
"Homicide",2001,38.9199982,-76.9703979
"Homicide",2001,38.9275017,-77.0278015
"Homicide",2001,38.8788986,-77.0028
"Homicide",2001,38.9291992,-77.0187988
"Homicide",2001,38.9243011,-76.9732971
"Homicide",2001,38.8423004,-76.9865036
"Homicide",2001,38.8614998,-76.9835968
"Homicide",2001,38.9258003,-77.0239029
"Homicide",2001,38.9314003,-77.030098
"Homicide",2001,38.8972015,-76.9749985
"Homicide",2001,38.9487991,-77.0259018
"Homicide",2001,38.8319016,-77.009201
"Homicide",2001,38.8787003,-77.0134964
"Homicide",2001,38.8432007,-76.9897995
"Homicide",2001,38.9033012,-77.0022964
"Homicide",2001,38.9291,-77.0372009
"Homicide",2001,38.8568001,-76.9854965
"Homicide",2001,38.8880005,-76.9571991
"Homicide",2001,38.9295998,-76.9934998
"Homicide",2001,38.8827019,-76.9455032
"Homicide",2001,38.8955994,-76.9389038
"Homicide",2001,38.8874016,-76.9520035
"Homicide",2001,38.9249001,-77.0351028
"Homicide",2001,38.8335991,-76.9927979
"Homicide",2001,38.8857994,-76.9540024
"Homicide",2001,38.8448982,-76.9951019
"Homicide",2001,38.8816986,-76.9384995
"Homicide",2001,38.9238014,-76.9926987
"Homicide",2001,38.9235001,-77.038002
"Homicide",2001,38.8958015,-76.9713974
"Homicide",2001,38.9267006,-77.0261002
"Homicide",2001,38.8338013,-76.9899979
"Homicide",2001,38.8923988,-76.9121017
"Homicide",2001,38.9277992,-77.0233994
"Homicide",2001,38.8613014,-76.9990997
"Homicide",2001,38.8925018,-76.9263
"Homicide",2001,38.837101,-77.0055008
"Homicide",2001,38.9071999,-77.0121994
"Homicide",2001,38.9071999,-77.0121994
"Homicide",2001,38.9121017,-76.9843979
"Homicide",2001,38.9169006,-77.0287018
"Homicide",2001,38.8900986,-76.9354019
"Homicide",2001,38.9338989,-76.9709015
"Homicide",2001,38.9352989,-76.9634018
"Homicide",2001,38.9313011,-77.0203018
"Homicide",2001,38.9084015,-76.9822998
"Homicide",2001,38.9124985,-77.0319977
"Homicide",2001,38.8638992,-76.9881973
"Homicide",2001,38.8381004,-77.0058975
"Homicide",2001,38.8599014,-76.998497
"Homicide",2001,38.8907013,-76.9194031
"Homicide",2001,38.8907013,-76.9194031
"Homicide",2001,38.8930016,-76.9150009
"Homicide",2001,38.8572998,-76.9961014
"Homicide",2001,38.9401016,-77.0374985
"Homicide",2001,38.8670998,-76.9854965
"Homicide",2001,38.922699,-77.0304031
"Homicide",2001,38.9063988,-77.0161972
"Homicide",2001,38.9412003,-77.0255966
"Homicide",2001,38.8880005,-76.9179993
"Homicide",2001,38.9146004,-77.0292969
"Homicide",2001,38.9247017,-77.0084
"Homicide",2001,38.9247017,-77.0084
"Homicide",2001,38.8931999,-76.9284973
"Homicide",2001,38.9734993,-77.0170975
"Homicide",2001,38.8923988,-76.9133987
"Homicide",2001,38.8469009,-76.9692993
"Homicide",2001,38.8455009,-76.9945984
"Homicide",2001,38.9093018,-77.0154037
"Homicide",2001,38.9323006,-77.0227966
"Homicide",2001,38.8569984,-76.9954987
"Homicide",2001,38.8942986,-76.9233017
"Homicide",2001,38.9039001,-76.9797974
"Homicide",2001,38.8557014,-76.9732971
"Homicide",2001,38.9724998,-77.021698
"Homicide",2001,38.9011993,-76.9776993
"Homicide",2001,38.8979988,-76.9776993
"Homicide",2001,38.9011002,-76.9297028
"Homicide",2001,38.9011002,-76.9297028
"Homicide",2001,38.9235001,-77.0018005
"Homicide",2001,38.9482994,-77.0062027
"Homicide",2001,38.9482994,-77.0062027
"Homicide",2001,38.8381004,-77.0058975
"Homicide",2001,38.885601,-76.9483032
"Homicide",2001,38.9034004,-76.9860992
"Homicide",2001,38.9062004,-76.990303
"Homicide",2001,38.9193993,-77.0323029
"Homicide",2001,38.9173012,-77.0287018
"Homicide",2001,38.8993988,-76.9459
"Homicide",2001,38.9093018,-76.9841995
"Homicide",2001,38.8530998,-76.9642029
"Homicide",2001,38.861599,-76.9873962
"Homicide",2001,38.914299,-77.0282974
"Homicide",2001,38.9323997,-77.0290985
"Homicide",2001,38.8580017,-76.9914017
"Homicide",2001,38.9047012,-77.0113983
"Homicide",2001,38.9047012,-77.0113983
"Homicide",2001,38.9029007,-76.9741974
"Homicide",2001,38.8981018,-76.9803009
"Homicide",2001,38.8764,-76.9320984
"Homicide",2001,38.9071999,-77.0121994
"Homicide",2001,38.8716011,-76.9775009
"Homicide",2001,38.8676987,-76.9764023
"Homicide",2001,38.9075012,-76.9988022
"Homicide",2001,38.9501991,-77.0217972
"Homicide",2001,38.8583984,-76.9964981
"Homicide",2001,38.8550987,-76.986702
"Homicide",2001,38.9520988,-77.0106964
"Homicide",2001,38.9191017,-76.9725037
"Homicide",2001,38.9169006,-77.0270996
"Homicide",2001,38.8718987,-76.976799
"Homicide",2001,38.8485985,-77.0018005
"Homicide",2001,38.9157982,-77.0100021
"Homicide",2001,38.9289017,-77.027298
"Homicide",2001,38.8386002,-76.9962006
"Homicide",2001,38.9291,-76.9763031
"Homicide",2001,38.9291992,-77.0242996
"Homicide",2001,38.9090004,-76.930397
"Homicide",2001,38.8316994,-76.9981995
"Homicide",2001,38.9021988,-76.9477997
"Homicide",2001,38.8936005,-76.9234009
"Homicide",2001,38.8792,-76.9355011
"Homicide",2001,38.8894997,-76.9324036
"Homicide",2001,38.9408989,-76.9728012
"Homicide",2001,38.9291992,-76.9784012
"Homicide",2001,38.9146004,-77.0102005
"Homicide",2001,38.9149017,-77.0019989
"Homicide",2001,38.8655014,-76.9493027
"Homicide",2001,38.9136009,-76.9861984
"Homicide",2001,38.9109001,-77.0137024
"Homicide",2001,38.9207001,-77.0241013
"Homicide",2001,38.9132004,-77.024498
"Homicide",2001,38.9542999,-76.993103
"Homicide",2001,38.8358994,-77.0058975
"Homicide",2001,38.8255005,-77.0122986
"Homicide",2001,38.8880997,-76.9367981
"Homicide",2001,38.9173012,-76.9937973
"Homicide",2001,38.8821983,-76.927803
"Homicide",2001,38.9173012,-76.9937973
"Homicide",2001,38.896801,-76.9276962
"Homicide",2001,38.8960991,-76.9417038
"Homicide",2001,38.8604012,-76.9695969
"Homicide",2001,38.8569984,-76.9954987
"Homicide",2001,38.9189987,-77.0014038
"Homicide",2001,38.9189987,-77.0010986
"Homicide",2001,38.9252014,-77.033699
"Homicide",2001,38.9241982,-77.0354004
"Homicide",2001,38.9179001,-77.001297
"Homicide",2001,38.8596001,-76.9887009
"Homicide",2001,38.9157982,-76.9810028
"Homicide",2001,38.9146996,-77.0093994
"Homicide",2001,38.8877983,-76.9805984
"Homicide",2001,38.8670006,-76.9830017
"Homicide",2001,38.9216995,-77.0118027
"Homicide",2001,38.9131012,-76.9869995
"Homicide",2001,38.9365005,-77.0192032
"Homicide",2001,38.9324989,-77.036499
"Homicide",2001,38.9025002,-77.0162964
"Homicide",2001,38.8875999,-76.9363022
"Homicide",2001,38.8611984,-76.9893036
"Homicide",2001,38.9191017,-77.026001
"Homicide",2001,38.8928986,-76.9187012
"Homicide",2001,38.8469009,-77.0014038
"Homicide",2001,38.8358994,-76.9943008
"Homicide",2001,38.8293991,-76.9932022
"Homicide",2001,38.8767014,-76.9651031
"Homicide",2001,38.8283997,-77.0062027
"Homicide",2001,38.8292999,-76.9938965
"Homicide",2001,38.9011993,-76.973999
"Homicide",2001,38.888401,-76.9192963
"Homicide",2001,38.8428993,-76.9954987
"Homicide",2001,38.8349991,-77.0056
"Homicide",2001,38.9101982,-76.9877014
"Homicide",2001,38.9123993,-77.0195999
"Homicide",2001,38.8604012,-77.0011978
"Homicide",2001,38.9061012,-76.9860992
"Homicide",2001,38.8395004,-76.9981995
"Homicide",2001,38.9285011,-77.0277023
"Homicide",2001,38.8479004,-76.971199
"Homicide",2001,38.9255981,-77.0347977
"Homicide",2001,38.9245987,-77.035202
"Homicide",2001,38.8429985,-76.9872971
"Homicide",2001,38.9249992,-76.976799
"Homicide",2001,38.8843002,-76.9220963
"Homicide",2001,38.8280983,-77.001503
"Homicide",2001,38.8582993,-76.9651031
"Homicide",2001,38.9057999,-77.0152969
"Homicide",2001,38.9123001,-76.9955978
"Homicide",2001,38.9469986,-77.0213013
"Homicide",2001,38.8610001,-76.9671021
"Homicide",2001,38.9091988,-76.9848022
"Homicide",2001,38.9129982,-77.0081024
"Homicide",2001,38.9123993,-77.0066986
"Homicide",2001,38.8945999,-76.9163971
"Homicide",2001,38.9216003,-76.9843979
"Homicide",2002,38.9098015,-77.0072021
"Homicide",2002,38.8825989,-76.9344025
"Homicide",2002,38.9224014,-77.0344009
"Homicide",2002,38.9031982,-76.973999
"Homicide",2002,38.8454018,-76.9796982
"Homicide",2002,38.9084015,-77.0058975
"Homicide",2002,38.9001999,-76.9962997
"Homicide",2002,38.9089012,-77.0046005
"Homicide",2002,38.8987007,-76.927002
"Homicide",2002,38.8955994,-76.9197998
"Homicide",2002,38.9497986,-77.0194016
"Homicide",2002,38.8602982,-76.985199
"Homicide",2002,38.9272995,-77.0736008
"Homicide",2002,38.9500008,-77.0217972
"Homicide",2002,38.9342995,-76.9636002
"Homicide",2002,38.8445015,-76.9974976
"Homicide",2002,38.9067001,-76.9777985
"Homicide",2002,38.9040985,-76.989502
"Homicide",2002,38.8844986,-76.9287033
"Homicide",2002,38.9166985,-77.0175018
"Homicide",2002,38.8834,-76.9421997
"Homicide",2002,38.8786011,-76.9300003
"Homicide",2002,38.9053001,-77.0103989
"Homicide",2002,38.8529015,-76.9638977
"Homicide",2002,38.9561005,-77.0253983
"Homicide",2002,38.8320007,-76.9916992
"Homicide",2002,38.9056015,-77.0270996
"Homicide",2002,38.9333,-77.0317001
"Homicide",2002,38.9333,-77.0317001
"Homicide",2002,38.9029007,-76.978302
"Homicide",2002,38.9132996,-76.985199
"Homicide",2002,38.9257011,-76.9924011
"Homicide",2002,38.9257011,-76.9924011
"Homicide",2002,38.9101982,-76.9979019
"Homicide",2002,38.8933983,-76.9760971
"Homicide",2002,38.9179993,-76.9705963
"Homicide",2002,38.8594017,-76.9975967
"Homicide",2002,38.9146004,-77.0192032
"Homicide",2002,38.8936005,-76.9820023
"Homicide",2002,38.9096985,-76.9852982
"Homicide",2002,38.9071007,-76.9356003
"Homicide",2002,38.9071007,-76.9356003
"Homicide",2002,38.9500999,-76.9977036
"Homicide",2002,38.9331017,-77.0241013
"Homicide",2002,38.9331017,-77.0241013
"Homicide",2002,38.8284988,-77.0011978
"Homicide",2002,38.8797989,-76.9888
"Homicide",2002,38.8963013,-76.9589005
"Homicide",2002,38.8782997,-77.0137024
"Homicide",2002,38.8782997,-77.0137024
"Homicide",2002,38.9049988,-77.0295029
"Homicide",2002,38.8535004,-76.9853973
"Homicide",2002,38.968399,-77.0360031
"Homicide",2002,38.8644981,-76.982399
"Homicide",2002,38.8908005,-76.9148026
"Homicide",2002,38.8708992,-76.9770966
"Homicide",2002,38.9614983,-77.0326996
"Homicide",2002,38.8426018,-76.9852982
"Homicide",2002,38.9093018,-76.9841995
"Homicide",2002,38.9314003,-76.9951019
"Homicide",2002,38.9045982,-77.0103989
"Homicide",2002,38.9454002,-76.9899979
"Homicide",2002,38.9129982,-76.9375992
"Homicide",2002,38.8311996,-76.9983978
"Homicide",2002,38.8785019,-77.0019989
"Homicide",2002,38.8921013,-76.9459
"Homicide",2002,38.8507996,-76.9694977
"Homicide",2002,38.8426018,-76.9921036
"Homicide",2002,38.9168015,-77.0310974
"Homicide",2002,38.9348984,-77.0212021
"Homicide",2002,38.9348984,-77.0212021
"Homicide",2002,38.8917999,-76.9224014
"Homicide",2002,38.8917999,-76.9224014
"Homicide",2002,38.9398994,-77.0152969
"Homicide",2002,38.8480988,-76.9709015
"Homicide",2002,38.9118996,-76.936203
"Homicide",2002,38.8796997,-76.9406967
"Homicide",2002,38.928299,-77.0294037
"Homicide",2002,38.8815994,-76.9240036
"Homicide",2002,38.8670006,-76.9794998
"Homicide",2002,38.8647995,-76.9792023
"Homicide",2002,38.9290009,-77.0205994
"Homicide",2002,38.9510994,-77.0533981
"Homicide",2002,38.9258995,-77.0053024
"Homicide",2002,38.9258995,-77.0053024
"Homicide",2002,38.9258995,-77.0053024
"Homicide",2002,38.8809013,-77.0258026
"Homicide",2002,38.9611015,-77.0233002
"Homicide",2002,38.9043999,-76.9738998
"Homicide",2002,38.8767014,-76.9338989
"Homicide",2002,38.8875999,-76.9172974
"Homicide",2002,38.9029007,-77.0541
"Homicide",2002,38.9093018,-76.9367981
"Homicide",2002,38.9093018,-76.9875031
"Homicide",2002,38.8470001,-76.9729004
"Homicide",2002,38.8370018,-77.0025024
"Homicide",2002,38.8460007,-76.9697037
"Homicide",2002,38.9216995,-76.9898987
"Homicide",2002,38.9371986,-77.0354996
"Homicide",2002,38.9371986,-77.0354996
"Homicide",2002,38.8596992,-76.9676971
"Homicide",2002,38.921299,-76.9866028
"Homicide",2002,38.8362007,-77.0024033
"Homicide",2002,38.902401,-77.0161972
"Homicide",2002,38.9063988,-76.981102
"Homicide",2002,38.8722992,-77.0134964
"Homicide",2002,38.9020996,-76.9749985
"Homicide",2002,38.9337997,-77.0222015
"Homicide",2002,38.9020004,-76.9240036
"Homicide",2002,38.8446007,-76.9894028
"Homicide",2002,38.9453011,-77.0320969
"Homicide",2002,38.9080009,-76.9301987
"Homicide",2002,38.9084015,-77.0098038
"Homicide",2002,38.8321991,-76.9873962
"Homicide",2002,38.9202003,-77.0406036
"Homicide",2002,38.8302994,-76.9950027
"Homicide",2002,38.9659996,-77.0233002
"Homicide",2002,38.844101,-76.9962997
"Homicide",2002,38.9039001,-76.9337006
"Homicide",2002,38.9231987,-76.9927979
"Homicide",2002,38.9431,-77.0133972
"Homicide",2002,38.8275986,-77.0022964
"Homicide",2002,38.8671989,-76.9424973
"Homicide",2002,38.9427986,-76.9960022
"Homicide",2002,38.8927994,-76.9289017
"Homicide",2002,38.9229012,-76.9927979
"Homicide",2002,38.9488983,-77.0171967
"Homicide",2002,38.8865013,-76.927803
"Homicide",2002,38.9157982,-77.0282974
"Homicide",2002,38.8979988,-76.9843979
"Homicide",2002,38.9592018,-77.0118027
"Homicide",2002,38.8861008,-76.9257965
"Homicide",2002,38.8624001,-76.9977036
"Homicide",2002,38.8672981,-77.0105972
"Homicide",2002,38.9141998,-77.0149994
"Homicide",2002,38.8510017,-76.9642029
"Homicide",2002,38.8955994,-76.9947968
"Homicide",2002,38.9042015,-77.0103989
"Homicide",2002,38.8280983,-77.001503
"Homicide",2002,38.9096985,-76.9403
"Homicide",2002,38.9101982,-76.9979019
"Homicide",2002,38.9234009,-77.032402
"Homicide",2002,38.8848,-76.9558029
"Homicide",2002,38.9277,-77.0273972
"Homicide",2002,38.9737015,-77.0227966
"Homicide",2002,38.8644981,-76.982399
"Homicide",2002,38.8972015,-77.0241013
"Homicide",2002,38.8853989,-76.930603
"Homicide",2002,38.8853989,-76.930603
"Homicide",2002,38.8429985,-76.9950027
"Homicide",2002,38.8651009,-76.9856033
"Homicide",2002,38.9211006,-77.032402
"Homicide",2002,38.896801,-76.9309998
"Homicide",2002,38.8991013,-76.9899979
"Homicide",2002,38.9318008,-76.9834976
"Homicide",2002,38.9183006,-77.0065994
"Homicide",2002,38.9067001,-76.9777985
"Homicide",2002,38.8339005,-76.9937973
"Homicide",2002,38.8414001,-76.986702
"Homicide",2002,38.8241997,-77.0113983
"Homicide",2002,38.8419991,-76.9869995
"Homicide",2002,38.8619995,-76.9492035
"Homicide",2002,38.9510994,-77.0269012
"Homicide",2002,38.8336983,-76.990097
"Homicide",2002,38.9333992,-77.0194016
"Homicide",2002,38.8981018,-76.9176025
"Homicide",2002,38.9056015,-76.9781036
"Homicide",2002,38.9303017,-77.0211029
"Homicide",2002,38.9224014,-76.9860001
"Homicide",2002,38.8563995,-76.9747009
"Homicide",2002,38.9056015,-77.0123978
"Homicide",2002,38.9202995,-77.0019989
"Homicide",2002,38.9627991,-77.0314026
"Homicide",2002,38.8876991,-76.9173965
"Homicide",2002,38.889801,-76.914299
"Homicide",2002,38.8848,-76.9276962
"Homicide",2002,38.9174004,-76.9800034
"Homicide",2002,38.844799,-76.9789963
"Homicide",2002,38.9742012,-77.0264969
"Homicide",2002,38.9309998,-77.0286026
"Homicide",2002,38.8670006,-76.9873962
"Homicide",2002,38.9104996,-76.987999
"Homicide",2002,38.9830017,-77.0264969
"Homicide",2002,38.8874016,-76.9520035
"Homicide",2002,38.8597984,-77.0002975
"Homicide",2002,38.8307991,-77.0035019
"Homicide",2002,38.9193001,-77.0020981
"Homicide",2002,38.8274002,-76.9945984
"Homicide",2002,38.9053993,-77.0008011
"Homicide",2002,38.9323006,-77.0221024
"Homicide",2002,38.8686981,-76.9692001
"Homicide",2002,38.8735008,-76.9707031
"Homicide",2002,38.8638992,-76.9712982
"Homicide",2002,38.9021988,-77.0003967
"Homicide",2002,38.8829994,-76.9624023
"Homicide",2002,38.8936996,-76.927002
"Homicide",2002,38.8919983,-77.0137024
"Homicide",2002,38.9112015,-77.0102005
"Homicide",2002,38.9049988,-76.9406967
"Homicide",2002,38.8725014,-76.9763031
"Homicide",2002,38.8275986,-77.0022964
"Homicide",2002,38.8564987,-76.9893036
"Homicide",2002,38.9047012,-76.9738998
"Homicide",2002,38.9090004,-76.9971008
"Homicide",2002,38.9561996,-77.0113983
"Homicide",2002,38.8614006,-76.9889984
"Homicide",2002,38.9417992,-77.0297012
"Homicide",2002,38.8951988,-76.9375
"Homicide",2002,38.9399986,-77.0319977
"Homicide",2002,38.8574982,-76.9737015
"Homicide",2002,38.9045982,-77.0121002
"Homicide",2002,38.8866005,-76.9565964
"Homicide",2002,38.9235992,-77.0001984
"Homicide",2002,38.8824997,-76.9392014
"Homicide",2002,38.8824997,-76.9392014
"Homicide",2002,38.8338013,-76.990097
"Homicide",2002,38.9700012,-77.0139999
"Homicide",2002,38.9229012,-77.0327988
"Homicide",2002,38.9253998,-76.995903
"Homicide",2002,38.8577995,-76.9733963
"Homicide",2002,38.9229012,-76.9927979
"Homicide",2002,38.8843994,-76.9228973
"Homicide",2002,38.8762016,-76.9378967
"Homicide",2002,38.9063988,-77.0098038
"Homicide",2002,38.9561996,-77.0118027
"Homicide",2002,38.8473015,-76.9690018
"Homicide",2002,38.9281998,-76.9573975
"Homicide",2002,38.8839989,-76.9459991
"Homicide",2002,38.8284988,-76.9923019
"Homicide",2002,38.8936005,-76.9524994
"Homicide",2002,38.8936005,-76.9524994
"Homicide",2002,38.9449005,-77.0190964
"Homicide",2002,38.8680992,-76.9414978
"Homicide",2002,38.8711014,-76.9674988
"Homicide",2002,38.8905983,-76.9393997
"Homicide",2002,38.8782997,-77.0142975
"Homicide",2002,38.9336014,-77.0306015
"Homicide",2002,38.8600998,-76.9685974
"Homicide",2002,38.8521004,-76.9890976
"Homicide",2002,38.9291992,-76.9784012
"Homicide",2002,38.8628006,-76.9862976
"Homicide",2002,38.8552017,-76.969101
"Homicide",2002,38.8462982,-76.9828033
"Homicide",2002,38.8945999,-76.9770966
"Homicide",2002,38.8283997,-77.0028
"Homicide",2002,38.9180984,-77.0070038
"Homicide",2002,38.9566002,-77.021698
"Homicide",2002,38.8857002,-76.9502029
"Homicide",2002,38.8945999,-76.9770966
"Homicide",2002,38.844799,-76.9772034
"Homicide",2002,38.9087982,-76.9872971
"Homicide",2002,38.9019012,-76.9876022
"Homicide",2002,38.8983994,-77.0199966
"Homicide",2002,38.8605003,-76.9847031
"Homicide",2002,38.8616982,-76.9842987
"Homicide",2002,38.9075012,-77.0252991
"Homicide",2002,38.9034996,-76.9769974
"Homicide",2002,38.8848991,-76.9318008
"Homicide",2002,38.8254013,-77.0017014
"Homicide",2002,38.9364014,-77.032402
"Homicide",2003,38.9449997,-77.0206985
"Homicide",2003,38.9449997,-77.0206985
"Homicide",2003,38.8423996,-77.0030975
"Homicide",2003,38.9040985,-76.9335022
"Homicide",2003,38.8314018,-77.0053024
"Homicide",2003,38.8512993,-76.9878998
"Homicide",2003,38.8978004,-76.9718018
"Homicide",2003,38.8852005,-76.9284973
"Homicide",2003,38.8992996,-76.9292984
"Homicide",2003,38.9071999,-77.044899
"Homicide",2003,38.9230995,-76.9979019
"Homicide",2003,38.9126015,-76.938797
"Homicide",2003,38.8398018,-76.9936981
"Homicide",2003,38.8557014,-76.9729004
"Homicide",2003,38.906601,-76.998703
"Homicide",2003,38.8963013,-76.9265976
"Homicide",2003,38.8680992,-76.9655991
"Homicide",2003,38.8680992,-76.9655991
"Homicide",2003,38.9207993,-77.0348969
"Homicide",2003,38.9253006,-76.995903
"Homicide",2003,38.9331017,-77.0241013
"Homicide",2003,38.8991013,-77.0195999
"Homicide",2003,38.9080009,-77.0094986
"Homicide",2003,38.8590012,-76.9878998
"Homicide",2003,38.8684006,-76.9849014
"Homicide",2003,38.8764992,-76.9309006
"Homicide",2003,38.9057007,-76.9791031
"Homicide",2003,38.9061012,-76.9786987
"Homicide",2003,38.8460007,-76.995697
"Homicide",2003,38.9039001,-76.9798965
"Homicide",2003,38.8978004,-76.9946976
"Homicide",2003,38.8897018,-76.927002
"Homicide",2003,38.8893013,-76.9298019
"Homicide",2003,38.8527985,-76.9729004
"Homicide",2003,38.8945007,-76.9151001
"Homicide",2003,38.8955994,-76.9197006
"Homicide",2003,38.8358994,-76.9943008
"Homicide",2003,38.8465004,-76.9772034
"Homicide",2003,38.8302994,-77.0022964
"Homicide",2003,38.8317986,-76.9997025
"Homicide",2003,38.9179993,-77.0323029
"Homicide",2003,38.8914986,-76.9218979
"Homicide",2003,38.9460983,-77.0056992
"Homicide",2003,38.9203987,-77.0008011
"Homicide",2003,38.8331985,-76.9914017
"Homicide",2003,38.8331985,-76.9914017
"Homicide",2003,38.9029007,-77.0103989
"Homicide",2003,38.9065018,-76.9887009
"Homicide",2003,38.9169006,-77.0345993
"Homicide",2003,38.8586006,-76.9712982
"Homicide",2003,38.8973007,-77.0245972
"Homicide",2003,38.8474007,-76.972702
"Homicide",2003,38.9056015,-76.9873962
"Homicide",2003,38.9003983,-76.9925003
"Homicide",2003,38.9286003,-77.0348969
"Homicide",2003,38.924099,-76.9901962
"Homicide",2003,38.8224983,-77.0102997
"Homicide",2003,38.9124985,-77.0121994
"Homicide",2003,38.9301987,-76.9589996
"Homicide",2003,38.8639984,-76.9789963
"Homicide",2003,38.9025002,-76.9753036
"Homicide",2003,38.8947983,-76.9822998
"Homicide",2003,38.9322014,-76.9934998
"Homicide",2003,38.9322014,-76.9934998
"Homicide",2003,38.9322014,-76.9934998
"Homicide",2003,38.8512993,-76.9876022
"Homicide",2003,38.8255005,-76.9997025
"Homicide",2003,38.8838005,-76.9585037
"Homicide",2003,38.8972015,-76.9218979
"Homicide",2003,38.8967018,-76.9343033
"Homicide",2003,38.8479004,-76.971199
"Homicide",2003,38.8610001,-76.9972992
"Homicide",2003,38.8852997,-76.9525986
"Homicide",2003,38.8320999,-76.9961014
"Homicide",2003,38.956501,-77.0249023
"Homicide",2003,38.8921013,-76.9470978
"Homicide",2003,38.8945007,-76.9297028
"Homicide",2003,38.9049988,-76.9723969
"Homicide",2003,38.8450012,-77.0083008
"Homicide",2003,38.9655991,-77.0307007
"Homicide",2003,38.8591003,-76.9991989
"Homicide",2003,38.9094009,-76.9940033
"Homicide",2003,38.8815994,-76.9412003
"Homicide",2003,38.9122009,-76.9365005
"Homicide",2003,38.9174004,-76.9725037
"Homicide",2003,38.8913994,-76.922699
"Homicide",2003,38.9048996,-77.0114975
"Homicide",2003,38.9025993,-77.0161972
"Homicide",2003,38.9132004,-77.013298
"Homicide",2003,38.8776016,-77.0006027
"Homicide",2003,38.9000015,-77.0179977
"Homicide",2003,38.8395004,-76.9908981
"Homicide",2003,38.8941994,-76.9785004
"Homicide",2003,38.906601,-76.998703
"Homicide",2003,38.8903008,-76.9145966
"Homicide",2003,38.8995018,-76.9782028
"Homicide",2003,38.8554001,-76.9917984
"Homicide",2003,38.8335991,-77.0083008
"Homicide",2003,38.9051018,-77.0094986
"Homicide",2003,38.8479004,-77.0054016
"Homicide",2003,38.9126015,-77.0220032
"Homicide",2003,38.9430008,-76.9981003
"Homicide",2003,38.8507996,-76.9664001
"Homicide",2003,38.9247017,-76.9677963
"Homicide",2003,38.8973999,-76.9161987
"Homicide",2003,38.8720016,-76.9689026
"Homicide",2003,38.8927002,-76.9298019
"Homicide",2003,38.8875999,-76.9212036
"Homicide",2003,38.9171982,-77.0129013
"Homicide",2003,38.8932991,-76.9505005
"Homicide",2003,38.9241982,-77.0009003
"Homicide",2003,38.8591995,-76.9999008
"Homicide",2003,38.8376999,-76.9896011
"Homicide",2003,38.8983994,-76.946701
"Homicide",2003,38.8406982,-76.9921036
"Homicide",2003,38.8646011,-76.9486008
"Homicide",2003,38.9430008,-77.0151978
"Homicide",2003,38.8568993,-76.9672012
"Homicide",2003,38.8872986,-76.9257965
"Homicide",2003,38.8809013,-76.9350967
"Homicide",2003,38.8552017,-76.969101
"Homicide",2003,38.9104004,-76.9364014
"Homicide",2003,38.9300995,-77.0234985
"Homicide",2003,38.854599,-76.9861984
"Homicide",2003,38.8214989,-77.0081024
"Homicide",2003,38.8871994,-76.9522018
"Homicide",2003,38.9057007,-76.9731979
"Homicide",2003,38.8676987,-76.9860992
"Homicide",2003,38.8445015,-77.0007019
"Homicide",2003,38.8368988,-76.9898987
"Homicide",2003,38.837101,-76.9893036
"Homicide",2003,38.9067993,-77.0156021
"Homicide",2003,38.9216003,-76.9741974
"Homicide",2003,38.8973999,-76.9927979
"Homicide",2003,38.831501,-77.0064011
"Homicide",2003,38.922699,-76.9857025
"Homicide",2003,38.9053993,-76.976799
"Homicide",2003,38.8311005,-76.9965973
"Homicide",2003,38.9687996,-77.0744019
"Homicide",2003,38.8455009,-76.9962006
"Homicide",2003,38.8967018,-76.9822998
"Homicide",2003,38.8597984,-77.0002975
"Homicide",2003,38.9275017,-77.0325012
"Homicide",2003,38.8984985,-76.9998016
"Homicide",2003,38.9025993,-77.009903
"Homicide",2003,38.9216003,-77.0319977
"Homicide",2003,38.8338013,-76.9925995
"Homicide",2003,38.9567986,-76.9914017
"Homicide",2003,38.8937988,-76.9301987
"Homicide",2003,38.9039993,-77.0389023
"Homicide",2003,38.8406982,-76.9921036
"Homicide",2003,38.908699,-76.987999
"Homicide",2003,38.9449997,-77.0058975
"Homicide",2003,38.928299,-77.0259018
"Homicide",2003,38.9012985,-76.986702
"Homicide",2003,38.8867989,-76.9338989
"Homicide",2003,38.8532982,-76.9654007
"Homicide",2003,38.8568001,-76.9717026
"Homicide",2003,38.8620987,-76.9809036
"Homicide",2003,38.8992996,-76.9793015
"Homicide",2003,38.9337006,-77.023201
"Homicide",2003,38.9087982,-76.9872971
"Homicide",2003,38.8939018,-76.987999
"Homicide",2003,38.9446983,-77.0305023
"Homicide",2003,38.8945007,-76.9151001
"Homicide",2003,38.8476982,-77.0053024
"Homicide",2003,38.8470993,-76.972702
"Homicide",2003,38.9011002,-76.9389038
"Homicide",2003,38.9085999,-77.009201
"Homicide",2003,38.9015007,-76.990799
"Homicide",2003,38.9075012,-76.9432983
"Homicide",2003,38.8877983,-76.9571991
"Homicide",2003,38.9608002,-77.0177994
"Homicide",2003,38.9029007,-77.0103989
"Homicide",2003,38.8670998,-76.9853973
"Homicide",2003,38.895401,-76.9421005
"Homicide",2003,38.901001,-76.9773026
"Homicide",2003,38.8995018,-76.9422989
"Homicide",2003,38.8936005,-76.9234009
"Homicide",2003,38.9425011,-77.0019989
"Homicide",2003,38.9331017,-77.0241013
"Homicide",2003,38.9289017,-77.0315018
"Homicide",2003,38.9123001,-76.9955978
"Homicide",2003,38.8930016,-76.9301987
"Homicide",2003,38.9059982,-76.9786987
"Homicide",2003,38.8314018,-76.9990997
"Homicide",2003,38.911499,-76.9363022
"Homicide",2003,38.8694992,-76.9806976
"Homicide",2003,38.9062004,-76.9368973
"Homicide",2003,38.9519005,-77.0238037
"Homicide",2003,38.8445015,-76.9882965
"Homicide",2003,38.9548988,-77.0289993
"Homicide",2003,38.8867989,-76.9529037
"Homicide",2003,38.8672981,-76.9789963
"Homicide",2003,38.8730011,-76.9738998
"Homicide",2003,38.9289017,-77.0376968
"Homicide",2003,38.8984985,-77.0220032
"Homicide",2003,38.8782997,-77.0014038
"Homicide",2003,38.8787003,-76.9316025
"Homicide",2003,38.8919983,-76.9135971
"Homicide",2003,38.9006996,-76.9365997
"Homicide",2003,38.9329987,-77.0238037
"Homicide",2003,38.8718987,-76.9784012
"Homicide",2003,38.8390007,-76.9983978
"Homicide",2003,38.8564987,-76.9749985
"Homicide",2003,38.9310989,-77.0235977
"Homicide",2003,38.8693008,-76.9820023
"Homicide",2003,38.8942986,-76.9298019
"Homicide",2003,38.8785019,-77.0019989
"Homicide",2003,38.9057007,-77.0271988
"Homicide",2003,38.8264008,-77.0058975
"Homicide",2003,38.9301987,-77.0274963
"Homicide",2003,38.9324989,-77.0389023
"Homicide",2003,38.9182014,-77.0035019
"Homicide",2003,38.9210014,-76.9837036
"Homicide",2003,38.8311996,-76.9981995
"Homicide",2003,38.868,-76.9670029
"Homicide",2003,38.9003983,-76.9880981
"Homicide",2003,38.9826012,-77.0249023
"Homicide",2003,38.9632988,-77.0347977
"Homicide",2003,38.8280983,-77.001297
"Homicide",2003,38.9026985,-76.9840012
"Homicide",2003,38.9590988,-77.0242004
"Homicide",2003,38.8539009,-76.9877014
"Homicide",2003,38.8745995,-77.010498
"Homicide",2003,38.9025002,-76.986702
"Homicide",2003,38.8773994,-77.0139999
"Homicide",2003,38.8936005,-76.9252014
"Homicide",2003,38.8936005,-76.9252014
"Homicide",2003,38.9107018,-77.0483017
"Homicide",2003,38.8308983,-76.9889984
"Homicide",2003,38.9215012,-76.9653015
"Homicide",2003,38.9104004,-76.9344025
"Homicide",2003,38.9043999,-76.9814987
"Homicide",2003,38.8851013,-76.9281998
"Homicide",2003,38.8600006,-77.0006027
"Homicide",2003,38.9115982,-77.0154037
"Homicide",2003,38.9171982,-77.0093002
"Homicide",2003,38.823101,-77.0018005
"Homicide",2003,38.9104996,-77.009697
"Homicide",2003,38.8651009,-76.9819031
"Homicide",2003,38.8395996,-76.9906006
"Homicide",2003,38.8785019,-76.9332962
"Homicide",2003,38.9552994,-77.0242996
"Homicide",2003,38.898201,-76.9794006
"Homicide",2003,38.8936005,-76.9777985
"Homicide",2004,38.8853989,-76.9543991
"Homicide",2004,38.8562012,-76.9787979
"Homicide",2004,38.9339981,-77.0274963
"Homicide",2004,38.8995018,-77.0466995
"Homicide",2004,38.9155006,-77.0050964
"Homicide",2004,38.9327011,-76.9793015
"Homicide",2004,38.9329987,-76.9680023
"Homicide",2004,38.8529015,-76.9806976
"Homicide",2004,38.9179993,-77.0319977
"Homicide",2004,38.9720993,-77.0268021
"Homicide",2004,38.9090996,-77.0439987
"Homicide",2004,38.9394989,-77.0254974
"Homicide",2004,38.9042015,-76.9810028
"Homicide",2004,38.9098015,-77.0016022
"Homicide",2004,38.9029007,-77.0103989
"Homicide",2004,38.903801,-77.009697
"Homicide",2004,38.9397011,-77.0206985
"Homicide",2004,38.9496994,-77.0351028
"Homicide",2004,38.9053993,-77.0111008
"Homicide",2004,38.9193993,-76.9803009
"Homicide",2004,38.8961983,-76.933403
"Homicide",2004,38.8312988,-76.9926987
"Homicide",2004,38.8409996,-76.9917984
"Homicide",2004,38.8404999,-77.001297
"Homicide",2004,38.8796997,-76.9891968
"Homicide",2004,38.9118004,-76.9374008
"Homicide",2004,38.8708,-76.939003
"Homicide",2004,38.8469009,-76.972702
"Homicide",2004,38.8592987,-76.9952011
"Homicide",2004,38.8432999,-76.9885025
"Homicide",2004,38.907299,-76.998497
"Homicide",2004,38.9277,-76.9712982
"Homicide",2004,38.8676987,-76.9455032
"Homicide",2004,38.9110985,-77.0197983
"Homicide",2004,38.9028015,-76.9729996
"Homicide",2004,38.9020004,-76.9721985
"Homicide",2004,38.8991013,-76.973999
"Homicide",2004,38.8372002,-76.9886017
"Homicide",2004,38.9171982,-77.0278015
"Homicide",2004,38.8652,-76.9804993
"Homicide",2004,38.9494019,-77.0186996
"Homicide",2004,38.843399,-76.9858017
"Homicide",2004,38.9025993,-77.0019989
"Homicide",2004,38.8512993,-76.9876022
"Homicide",2004,38.9087982,-76.9979019
"Homicide",2004,38.8620987,-76.9950027
"Homicide",2004,38.9169998,-77.0019989
"Homicide",2004,38.8422012,-76.9873962
"Homicide",2004,38.8650017,-76.9813004
"Homicide",2004,38.8945007,-76.9559021
"Homicide",2004,38.8460007,-76.9730988
"Homicide",2004,38.9473,-77.0330963
"Homicide",2004,38.8529015,-76.9638977
"Homicide",2004,38.8470001,-76.9729004
"Homicide",2004,38.896801,-76.975502
"Homicide",2004,38.9192009,-77.0006027
"Homicide",2004,38.9065018,-76.9878006
"Homicide",2004,38.8555984,-76.9961014
"Homicide",2004,38.8885002,-76.9330978
"Homicide",2004,38.8312988,-76.9970016
"Homicide",2004,38.8777008,-76.9842987
"Homicide",2004,38.8450012,-76.9765015
"Homicide",2004,38.8451996,-76.9769974
"Homicide",2004,38.9034004,-76.9735031
"Homicide",2004,38.9031982,-76.9810028
"Homicide",2004,38.851799,-76.9885025
"Homicide",2004,38.895401,-77.0131989
"Homicide",2004,38.9001999,-76.9266968
"Homicide",2004,38.959301,-76.9944992
"Homicide",2004,38.8801003,-76.9319992
"Homicide",2004,38.8588982,-76.9990997
"Homicide",2004,38.9020004,-76.9455032
"Homicide",2004,38.9314995,-77.0836029
"Homicide",2004,38.8855019,-76.9459
"Homicide",2004,38.9051018,-76.9973984
"Homicide",2004,38.9342003,-76.9656982
"Homicide",2004,38.8395996,-76.9919968
"Homicide",2004,38.9297981,-77.024498
"Homicide",2004,38.9366989,-77.0290985
"Homicide",2004,38.9109001,-76.9345016
"Homicide",2004,38.8961983,-76.9773026
"Homicide",2004,38.8381996,-76.9980011
"Homicide",2004,38.8689995,-76.9832001
"Homicide",2004,38.926899,-76.9963989
"Homicide",2004,38.8907013,-76.9524994
"Homicide",2004,38.8684998,-76.9436035
"Homicide",2004,38.8903999,-76.9383011
"Homicide",2004,38.8764992,-76.9350967
"Homicide",2004,38.9166985,-77.0024033
"Homicide",2004,38.8720016,-77.0139008
"Homicide",2004,38.9016991,-76.9745026
"Homicide",2004,38.846199,-76.9988022
"Homicide",2004,38.9202003,-77.0001984
"Homicide",2004,38.8307991,-76.9993973
"Homicide",2004,38.8350983,-76.9919968
"Homicide",2004,38.8922005,-76.9260025
"Homicide",2004,38.8922005,-76.9260025
"Homicide",2004,38.8916016,-76.9276962
"Homicide",2004,38.8877983,-76.9571991
"Homicide",2004,38.8568993,-76.9965973
"Homicide",2004,38.8568993,-76.9965973
"Homicide",2004,38.8832016,-76.9824982
"Homicide",2004,38.8622017,-76.9522018
"Homicide",2004,38.9076996,-76.986702
"Homicide",2004,38.8961983,-76.9352036
"Homicide",2004,38.9373016,-77.0242004
"Homicide",2004,38.8483009,-76.969101
"Homicide",2004,38.9057007,-77.0122986
"Homicide",2004,38.8970985,-76.985199
"Homicide",2004,38.9141998,-76.9887009
"Homicide",2004,38.9566002,-77.0214005
"Homicide",2004,38.9743004,-77.0175018
"Homicide",2004,38.8947983,-76.9927979
"Homicide",2004,38.9049988,-77.0630035
"Homicide",2004,38.9469986,-77.0258026
"Homicide",2004,38.8821983,-76.9241028
"Homicide",2004,38.9132004,-77.013298
"Homicide",2004,38.8809013,-76.9350967
"Homicide",2004,38.9241982,-77.0018005
"Homicide",2004,38.8927002,-76.9514999
"Homicide",2004,38.9113998,-76.9360962
"Homicide",2004,38.8877983,-76.9558029
"Homicide",2004,38.9127998,-77.0428009
"Homicide",2004,38.9538002,-77.0250015
"Homicide",2004,38.8955994,-76.9199982
"Homicide",2004,38.9017982,-76.9905014
"Homicide",2004,38.9208984,-76.9595032
"Homicide",2004,38.9208984,-76.9595032
"Homicide",2004,38.8907013,-76.9380035
"Homicide",2004,38.8487015,-77.0014038
"Homicide",2004,38.8825989,-76.9417038
"Homicide",2004,38.9291,-77.0251007
"Homicide",2004,38.8848991,-76.9436035
"Homicide",2004,38.8274994,-76.998703
"Homicide",2004,38.8580017,-76.9726028
"Homicide",2004,38.8636017,-76.9898987
"Homicide",2004,38.9553986,-77.0058975
"Homicide",2004,38.8451996,-76.9845963
"Homicide",2004,38.9007988,-77.0199966
"Homicide",2004,38.8642006,-76.9922028
"Homicide",2004,38.9150009,-77.0016022
"Homicide",2004,38.8479004,-77.0005035
"Homicide",2004,38.9185982,-77.032402
"Homicide",2004,38.8511009,-76.9685974
"Homicide",2004,38.9048004,-76.9375
"Homicide",2004,38.9015007,-76.9273987
"Homicide",2004,38.8820992,-76.9234009
"Homicide",2004,38.8549995,-76.9704971
"Homicide",2004,38.8564987,-76.9906998
"Homicide",2004,38.8224983,-77.0102997
"Homicide",2004,38.8224983,-77.0102997
"Homicide",2004,38.8899002,-76.9279022
"Homicide",2004,38.8927002,-76.9514999
"Homicide",2004,38.9231987,-76.9927979
"Homicide",2004,38.9189987,-77.0325012
"Homicide",2004,38.8302994,-76.9954987
"Homicide",2004,38.8592987,-76.9990005
"Homicide",2004,38.9216995,-77.0390015
"Homicide",2004,38.8793983,-76.9898987
"Homicide",2004,38.8787994,-76.9312973
"Homicide",2004,38.8899002,-76.9542999
"Homicide",2004,38.8825989,-76.9344025
"Homicide",2004,38.9314003,-77.0196991
"Homicide",2004,38.8787994,-76.9312973
"Homicide",2004,38.9030991,-76.9813004
"Homicide",2004,38.9042015,-76.9810028
"Homicide",2004,38.9646988,-77.0243988
"Homicide",2004,38.8414001,-76.986702
"Homicide",2004,38.8238983,-77.0030975
"Homicide",2004,38.9034996,-76.9943008
"Homicide",2004,38.8725014,-77.012001
"Homicide",2004,38.8637009,-76.9825974
"Homicide",2004,38.9103012,-77.0296021
"Homicide",2004,38.8815002,-76.9350967
"Homicide",2004,38.8862991,-76.9292984
"Homicide",2004,38.9729996,-77.0258026
"Homicide",2004,38.9441986,-77.0326004
"Homicide",2004,38.9373016,-76.9862976
"Homicide",2004,38.8693008,-76.9754028
"Homicide",2004,38.8875008,-76.9374008
"Homicide",2004,38.8913994,-76.9409027
"Homicide",2004,38.9067001,-76.9791031
"Homicide",2004,38.8585014,-76.9973984
"Homicide",2004,38.8293991,-76.9943008
"Homicide",2004,38.8293991,-76.9943008
"Homicide",2004,38.8883018,-76.9384995
"Homicide",2004,38.8605995,-76.9725037
"Homicide",2004,38.8666,-76.9804993
"Homicide",2004,38.8672981,-76.9905014
"Homicide",2004,38.9192009,-77.0600967
"Homicide",2004,38.8420982,-76.9881973
"Homicide",2004,38.8983002,-76.9924011
"Homicide",2004,38.8451996,-76.978302
"Homicide",2004,38.9215012,-77.001297
"Homicide",2004,38.8450012,-76.9837036
"Homicide",2004,38.9224014,-76.9860001
"Homicide",2004,38.9201012,-76.9905014
"Homicide",2004,38.8959007,-76.9812012
"Homicide",2005,38.9110985,-77.0122986
"Homicide",2005,38.8588982,-76.9977036
"Homicide",2005,38.8622017,-76.9927979
"Homicide",2005,38.8283997,-77.0028
"Homicide",2005,38.894001,-76.9252014
"Homicide",2005,38.8289986,-77.0005035
"Homicide",2005,38.8568993,-76.9972992
"Homicide",2005,38.8544006,-76.9721985
"Homicide",2005,38.8947983,-77.0231018
"Homicide",2005,38.8319016,-77.0009003
"Homicide",2005,38.8666992,-76.9844971
"Homicide",2005,38.8653984,-76.9821014
"Homicide",2005,38.8785019,-76.9311981
"Homicide",2005,38.8558006,-76.9731979
"Homicide",2005,38.9233017,-77.0426025
"Homicide",2005,38.9202003,-77.0001984
"Homicide",2005,38.9175987,-77.032402
"Homicide",2005,38.8919983,-76.9123993
"Homicide",2005,38.8760986,-76.9909973
"Homicide",2005,38.8723984,-76.9768982
"Homicide",2005,38.8833008,-76.9921036
"Homicide",2005,38.8875999,-76.9807968
"Homicide",2005,38.8624001,-76.9854965
"Homicide",2005,38.8757019,-77.0121002
"Homicide",2005,38.9500008,-76.9925995
"Homicide",2005,38.8516998,-76.9876022
"Homicide",2005,38.8950005,-76.9805984
"Homicide",2005,38.8652992,-76.9876022
"Homicide",2005,38.8624992,-76.9922028
"Homicide",2005,38.9203987,-77.009697
"Homicide",2005,38.8485985,-77.0018005
"Homicide",2005,38.9365997,-76.9910965
"Homicide",2005,38.8777008,-76.9842987
"Homicide",2005,38.8566017,-76.9880981
"Homicide",2005,38.8993988,-76.9732971
"Homicide",2005,38.8900986,-76.9508972
"Homicide",2005,38.9524002,-76.9935989
"Homicide",2005,38.8292007,-77.0005035
"Homicide",2005,38.8600998,-76.966301
"Homicide",2005,38.8670006,-76.9436035
"Homicide",2005,38.8946991,-77.027298
"Homicide",2005,38.8479004,-76.9690018
"Homicide",2005,38.865799,-76.975502
"Homicide",2005,38.8862991,-76.9852982
"Homicide",2005,38.8695984,-76.9748993
"Homicide",2005,38.8507004,-76.9863968
"Homicide",2005,38.8496017,-76.9717026
"Homicide",2005,38.8496017,-76.9717026
"Homicide",2005,38.9179993,-76.9705963
"Homicide",2005,38.8833008,-76.9391022
"Homicide",2005,38.847599,-76.9787979
"Homicide",2005,38.847599,-76.9787979
"Homicide",2005,38.8614998,-76.9835968
"Homicide",2005,38.9243011,-77.030098
"Homicide",2005,38.9020996,-76.9843979
"Homicide",2005,38.8446007,-76.9775009
"Homicide",2005,38.8785019,-76.9311981
"Homicide",2005,38.8891983,-76.9376984
"Homicide",2005,38.914299,-77.0112991
"Homicide",2005,38.8552017,-76.9732971
"Homicide",2005,38.9692001,-77.0073013
"Homicide",2005,38.8555984,-76.9961014
"Homicide",2005,38.8479996,-77.0028
"Homicide",2005,38.9720993,-77.0268021
"Homicide",2005,38.905201,-77.0103989
"Homicide",2005,38.9129982,-77.0155029
"Homicide",2005,38.9244995,-77.0020981
"Homicide",2005,38.9296989,-77.0369034
"Homicide",2005,38.8927002,-76.9293976
"Homicide",2005,38.9118996,-76.9396973
"Homicide",2005,38.9179001,-77.0074997
"Homicide",2005,38.9266014,-77.0264969
"Homicide",2005,38.9266014,-77.0264969
"Homicide",2005,38.9224014,-76.9863968
"Homicide",2005,38.9021988,-77.0185013
"Homicide",2005,38.9061012,-76.9297028
"Homicide",2005,38.9297981,-76.9740982
"Homicide",2005,38.907299,-76.9347
"Homicide",2005,38.8997002,-76.9887009
"Homicide",2005,38.9065018,-77.0077972
"Homicide",2005,38.8765984,-76.9667969
"Homicide",2005,38.8594017,-76.9857025
"Homicide",2005,38.8639984,-76.9877014
"Homicide",2005,38.8726997,-76.9721985
"Homicide",2005,38.9141998,-77.023201
"Homicide",2005,38.9196014,-76.9748993
"Homicide",2005,38.8484001,-76.9782028
"Homicide",2005,38.8967018,-76.9776001
"Homicide",2005,38.8455009,-76.9947968
"Homicide",2005,38.9081993,-76.9856033
"Homicide",2005,38.8718987,-76.9770966
"Homicide",2005,38.8456993,-76.9725037
"Homicide",2005,38.8270988,-77.0127029
"Homicide",2005,38.9056015,-76.9492035
"Homicide",2005,38.9436989,-76.9910965
"Homicide",2005,38.8487015,-77.0022964
"Homicide",2005,38.8429985,-76.9944992
"Homicide",2005,38.8991013,-76.9825974
"Homicide",2005,38.9249001,-77.0351028
"Homicide",2005,38.9042015,-76.9981995
"Homicide",2005,38.9155998,-77.0281982
"Homicide",2005,38.8960991,-76.982399
"Homicide",2005,38.9562988,-77.0182037
"Homicide",2005,38.9277,-76.9736023
"Homicide",2005,38.8877983,-76.9549026
"Homicide",2005,38.9051018,-76.9801025
"Homicide",2005,38.914299,-77.0083008
"Homicide",2005,38.9392014,-77.036499
"Homicide",2005,38.8278999,-77.0076981
"Homicide",2005,38.9581985,-76.9981995
"Homicide",2005,38.9264984,-76.9962006
"Homicide",2005,38.8684006,-76.9843979
"Homicide",2005,38.9389992,-76.9949036
"Homicide",2005,38.8550987,-76.9700012
"Homicide",2005,38.8516006,-76.9887009
"Homicide",2005,38.9079018,-77.021698
"Homicide",2005,38.9171982,-76.9770966
"Homicide",2005,38.8686981,-76.9810028
"Homicide",2005,38.9087982,-77.0119019
"Homicide",2005,38.9602013,-76.9969025
"Homicide",2005,38.8232994,-77.0011978
"Homicide",2005,38.9033012,-76.9503021
"Homicide",2005,38.8540993,-76.9651031
"Homicide",2005,38.9511986,-77.0080032
"Homicide",2005,38.9157982,-77.0320969
"Homicide",2005,38.9118996,-76.936203
"Homicide",2005,38.8694992,-76.9788971
"Homicide",2005,38.9033012,-76.9503021
"Homicide",2005,38.9063988,-77.0419998
"Homicide",2005,38.8955994,-76.9203033
"Homicide",2005,38.8736,-76.9697037
"Homicide",2005,38.9136009,-77.0078964
"Homicide",2005,38.9021988,-77.0398026
"Homicide",2005,38.8597984,-76.9999008
"Homicide",2005,38.9291,-77.0404968
"Homicide",2005,38.8338013,-76.9898987
"Homicide",2005,38.9016991,-76.9759979
"Homicide",2005,38.8390999,-76.9978027
"Homicide",2005,38.9026985,-76.9810028
"Homicide",2005,38.918499,-77.0175018
"Homicide",2005,38.9375992,-77.0297012
"Homicide",2005,38.912899,-76.9860992
"Homicide",2005,38.8358994,-76.9943008
"Homicide",2005,38.901001,-77.0302963
"Homicide",2005,38.8452988,-76.9725037
"Homicide",2005,38.8278999,-76.9968033
"Homicide",2005,38.8725014,-77.0124969
"Homicide",2005,38.9117012,-77.006897
"Homicide",2005,38.846199,-76.9788971
"Homicide",2005,38.9383011,-76.9935989
"Homicide",2005,38.8959007,-76.9812012
"Homicide",2005,38.8950005,-76.9296036
"Homicide",2005,38.9291992,-77.0223999
"Homicide",2005,38.846199,-76.9788971
"Homicide",2005,38.9132004,-77.0220032
"Homicide",2005,38.8469009,-76.9803009
"Homicide",2005,38.8469009,-76.9803009
"Homicide",2005,38.9061012,-76.9765015
"Homicide",2005,38.9215012,-77.009697
"Homicide",2005,38.8496017,-76.9729996
"Homicide",2005,38.9346008,-77.0332031
"Homicide",2005,38.9157982,-77.0231018
"Homicide",2005,38.9439011,-76.9980011
"Homicide",2005,38.9286003,-77.0347977
"Homicide",2005,38.8955994,-76.9815979
"Homicide",2005,38.8511009,-76.9798965
"Homicide",2005,38.8897018,-76.9253998
"Homicide",2005,38.9119987,-77.042099
"Homicide",2005,38.8241997,-77.0086975
"Homicide",2005,38.9602013,-77.0225983
"Homicide",2005,38.854599,-76.9703979
"Homicide",2005,38.8479996,-76.9709015
"Homicide",2005,38.8479996,-76.9709015
"Homicide",2005,38.837101,-76.990303
"Homicide",2005,38.8767014,-76.9338989
"Homicide",2005,38.8973007,-77.0296021
"Homicide",2005,38.9407997,-76.998703
"Homicide",2005,38.8917007,-76.9365997
"Homicide",2005,38.9216995,-77.0318985
"Homicide",2005,38.8466988,-76.9757996
"Homicide",2005,38.8596001,-76.9988022
"Homicide",2005,38.8614998,-76.9842987
"Homicide",2005,38.9068985,-76.9786987
"Homicide",2005,38.8224983,-77.0102997
"Homicide",2005,38.9034996,-77.039299
"Homicide",2005,38.9273987,-77.0305023
"Homicide",2005,38.9273987,-77.0305023
"Homicide",2005,38.8862991,-76.9309998
"Homicide",2005,38.921299,-76.9809036
"Homicide",2005,38.8823013,-76.9335022
"Homicide",2005,38.9053001,-76.979599
"Homicide",2005,38.9325981,-76.9732971
"Homicide",2005,38.8419991,-76.9875031
"Homicide",2006,38.8838005,-76.9515991
"Homicide",2006,38.8292007,-77.0009003
"Homicide",2006,38.956501,-77.0767975
"Homicide",2006,38.8305016,-76.9929962
"Homicide",2006,38.8548012,-76.9708023
"Homicide",2006,38.9244995,-76.9969025
"Homicide",2006,38.9230995,-76.9858017
"Homicide",2006,38.9325981,-77.0195999
"Homicide",2006,38.9025993,-76.9257965
"Homicide",2006,38.9131012,-76.9375
"Homicide",2006,38.8830986,-76.9576035
"Homicide",2006,38.9202995,-77.0416031
"Homicide",2006,38.8254013,-77.0001984
"Homicide",2006,38.9311981,-77.0201035
"Homicide",2006,38.8796997,-76.9896011
"Homicide",2006,38.9216995,-77.0022964
"Homicide",2006,38.9063988,-77.0098038
"Homicide",2006,38.8983994,-76.9297028
"Homicide",2006,38.9329987,-77.0320969
"Homicide",2006,38.8265991,-77.0020981
"Homicide",2006,38.8945999,-76.9876022
"Homicide",2006,38.9192009,-77.0174026
"Homicide",2006,38.8909988,-76.9448013
"Homicide",2006,38.9029999,-76.9469986
"Homicide",2006,38.8919983,-76.9123001
"Homicide",2006,38.9166985,-77.0282974
"Homicide",2006,38.8875999,-76.9520035
"Homicide",2006,38.8875999,-76.9789963
"Homicide",2006,38.8708992,-76.9413986
"Homicide",2006,38.8340988,-76.9917984
"Homicide",2006,38.8340988,-76.9917984
"Homicide",2006,38.8717995,-76.9638977
"Homicide",2006,38.8923988,-76.9520035
"Homicide",2006,38.9126015,-77.0230026
"Homicide",2006,38.9387016,-77.0311966
"Homicide",2006,38.9636002,-77.0192032
"Homicide",2006,38.9636002,-77.0192032
"Homicide",2006,38.9077988,-77.0058975
"Homicide",2006,38.8642998,-76.9812012
"Homicide",2006,38.837101,-76.990303
"Homicide",2006,38.9191017,-77.0221024
"Homicide",2006,38.9115982,-76.935997
"Homicide",2006,38.957901,-77.0710983
"Homicide",2006,38.8600998,-76.9989014
"Homicide",2006,38.9174995,-77.0022964
"Homicide",2006,38.9266014,-76.9820023
"Homicide",2006,38.9177017,-77.0261993
"Homicide",2006,38.9090004,-77.0119019
"Homicide",2006,38.8465996,-76.9730988
"Homicide",2006,38.837101,-76.9893036
"Homicide",2006,38.8806992,-76.9321976
"Homicide",2006,38.9132996,-77.0225983
"Homicide",2006,38.8838005,-76.9596024
"Homicide",2006,38.8574982,-76.9960022
"Homicide",2006,38.8368988,-76.9898987
"Homicide",2006,38.9157982,-77.006897
"Homicide",2006,38.9085999,-76.9834976
"Homicide",2006,38.9334984,-76.9614029
"Homicide",2006,38.8725014,-77.0106964
"Homicide",2006,38.8443985,-76.9982986
"Homicide",2006,38.8606987,-77.0034027
"Homicide",2006,38.9280014,-77.0245972
"Homicide",2006,38.9356003,-76.9637985
"Homicide",2006,38.9051018,-76.9784012
"Homicide",2006,38.9438019,-77.0139999
"Homicide",2006,38.9421997,-77.0339966
"Homicide",2006,38.8953018,-76.981102
"Homicide",2006,38.8903999,-76.9383011
"Homicide",2006,38.8816986,-76.9259033
"Homicide",2006,38.8614006,-76.9889984
"Homicide",2006,38.8939018,-76.9235992
"Homicide",2006,38.8544998,-76.9658966
"Homicide",2006,38.8558006,-76.9871979
"Homicide",2006,38.8200989,-77.0095978
"Homicide",2006,38.8875999,-76.9807968
"Homicide",2006,38.9215012,-77.0258026
"Homicide",2006,38.8786011,-77.0134964
"Homicide",2006,38.9291992,-77.0242004
"Homicide",2006,38.8549004,-76.9671021
"Homicide",2006,38.903801,-77.009201
"Homicide",2006,38.9104004,-76.9378967
"Homicide",2006,38.9040985,-76.975502
"Homicide",2006,38.8988991,-76.9432983
"Homicide",2006,38.9173012,-77.0119019
"Homicide",2006,38.8777008,-77.0149002
"Homicide",2006,38.8946991,-76.9120026
"Homicide",2006,38.895401,-76.9835968
"Homicide",2006,38.8720016,-76.9789963
"Homicide",2006,38.8746986,-76.9697037
"Homicide",2006,38.8777008,-77.0149002
"Homicide",2006,38.9070015,-77.0208969
"Homicide",2006,38.9101982,-77.0628967
"Homicide",2006,38.8855019,-76.9421997
"Homicide",2006,38.8446999,-76.9720993
"Homicide",2006,38.9135017,-76.985199
"Homicide",2006,38.919899,-77.0404968
"Homicide",2006,38.9053993,-76.9499969
"Homicide",2006,38.8809013,-76.939003
"Homicide",2006,38.8809013,-76.939003
"Homicide",2006,38.8801994,-76.9899979
"Homicide",2006,38.9347,-76.9841003
"Homicide",2006,38.9029007,-77.0103989
"Homicide",2006,38.8440018,-77.0002975
"Homicide",2006,38.8224983,-77.0102997
"Homicide",2006,38.8991013,-76.9788971
"Homicide",2006,38.9150009,-77.0354004
"Homicide",2006,38.8600006,-76.9858017
"Homicide",2006,38.9087982,-77.0037003
"Homicide",2006,38.9252014,-77.0330963
"Homicide",2006,38.9146996,-77.0208969
"Homicide",2006,38.8652,-76.9787979
"Homicide",2006,38.9241982,-77.0327988
"Homicide",2006,38.9846001,-77.0339966
"Homicide",2006,38.8852005,-76.9357986
"Homicide",2006,38.9426994,-77.0056992
"Homicide",2006,38.8644981,-76.9877014
"Homicide",2006,38.8964996,-76.927803
"Homicide",2006,38.8334999,-77.0028
"Homicide",2006,38.9519005,-77.0081024
"Homicide",2006,38.8334007,-76.9873962
"Homicide",2006,38.8563995,-76.9816971
"Homicide",2006,38.8821983,-76.9589996
"Homicide",2006,38.9051018,-76.9781036
"Homicide",2006,38.8947983,-76.9201965
"Homicide",2006,38.8975983,-76.9464035
"Homicide",2006,38.8627014,-76.9918976
"Homicide",2006,38.8420982,-76.9873962
"Homicide",2006,38.8420982,-76.9873962
"Homicide",2006,38.9043999,-76.9264984
"Homicide",2006,38.8867989,-76.9256973
"Homicide",2006,38.8665009,-76.9810028
"Homicide",2006,38.9051018,-76.9749985
"Homicide",2006,38.8511009,-76.9870987
"Homicide",2006,38.9118996,-76.9348984
"Homicide",2006,38.9057999,-76.9759979
"Homicide",2006,38.8274994,-76.9981995
"Homicide",2006,38.8814011,-76.9253998
"Homicide",2006,38.8507996,-76.9757996
"Homicide",2006,38.9291992,-76.9926987
"Homicide",2006,38.8554993,-76.9961014
"Homicide",2006,38.9286003,-77.0289001
"Homicide",2006,38.9057999,-76.9863968
"Homicide",2006,38.8580017,-76.9975967
"Homicide",2006,38.8704987,-76.9820023
"Homicide",2006,38.9118004,-77.0102005
"Homicide",2006,38.8988991,-76.9453964
"Homicide",2006,38.8279991,-77.0009003
"Homicide",2006,38.9329987,-77.0233994
"Homicide",2006,38.9043007,-76.9745026
"Homicide",2006,38.8771019,-77.0149002
"Homicide",2006,38.899601,-76.9721985
"Homicide",2006,38.8907013,-76.9833984
"Homicide",2006,38.9189987,-77.0186996
"Homicide",2006,38.8843002,-76.9869995
"Homicide",2006,38.8616982,-76.9831009
"Homicide",2006,38.9327011,-77.0230026
"Homicide",2006,38.8903008,-76.9358978
"Homicide",2006,38.9132996,-77.0240021
"Homicide",2006,38.9171982,-77.0278015
"Homicide",2006,38.8437996,-76.9993973
"Homicide",2006,38.8989983,-76.9819031
"Homicide",2006,38.8699989,-76.9804993
"Homicide",2006,38.9173012,-77.0022964
"Homicide",2006,38.9328995,-77.0229034
"Homicide",2006,38.8572006,-76.9971008
"Homicide",2006,38.9473991,-77.016098
"Homicide",2006,38.8552017,-76.9894028
"Homicide",2006,38.8494987,-76.9744034
"Homicide",2006,38.8811989,-76.9274979
"Homicide",2007,38.8921013,-76.9235992
"Homicide",2007,38.8773994,-77.0139999
"Homicide",2007,38.9039001,-76.9721985
"Homicide",2007,38.9393997,-77.027298
"Homicide",2007,38.8961983,-76.9814987
"Homicide",2007,38.9180984,-77.0449982
"Homicide",2007,38.8767014,-76.9326019
"Homicide",2007,38.9163017,-77.0236969
"Homicide",2007,38.9542999,-77.0326004
"Homicide",2007,38.9448013,-77.026001
"Homicide",2007,38.9492989,-76.9965973
"Homicide",2007,38.910099,-77.0222015
"Homicide",2007,38.8324013,-76.9924011
"Homicide",2007,38.9065018,-77.0267029
"Homicide",2007,38.8933983,-76.9229965
"Homicide",2007,38.8507004,-76.9946976
"Homicide",2007,38.9001999,-76.9932022
"Homicide",2007,38.9039001,-76.9732971
"Homicide",2007,38.8717995,-76.9690018
"Homicide",2007,38.8614998,-76.9842987
"Homicide",2007,38.9364014,-77.0373001
"Homicide",2007,38.8364983,-76.9906006
"Homicide",2007,38.8894997,-76.9543991
"Homicide",2007,38.8945999,-76.979599
"Homicide",2007,38.8889008,-76.9803009
"Homicide",2007,38.8260002,-76.9979019
"Homicide",2007,38.9063988,-77.0270004
"Homicide",2007,38.9084015,-77.0114975
"Homicide",2007,38.8969002,-76.9805984
"Homicide",2007,38.9098015,-76.9347
"Homicide",2007,38.8465004,-76.9840012
"Homicide",2007,38.8576012,-76.9737015
"Homicide",2007,38.9866982,-77.0291977
"Homicide",2007,38.9124985,-76.9876022
"Homicide",2007,38.8806,-76.9347
"Homicide",2007,38.8839989,-76.9337997
"Homicide",2007,38.9309998,-76.9644012
"Homicide",2007,38.9048996,-76.9515991
"Homicide",2007,38.8577003,-76.9971008
"Homicide",2007,38.9188004,-77.0166016
"Homicide",2007,38.8205986,-77.0103989
"Homicide",2007,38.9127998,-76.9854965
"Homicide",2007,38.9440002,-77.0261002
"Homicide",2007,38.8927994,-76.9291
"Homicide",2007,38.8951988,-76.9553986
"Homicide",2007,38.8778992,-76.9880981
"Homicide",2007,38.926899,-77.0261002
"Homicide",2007,38.9220009,-76.9871979
"Homicide",2007,38.8538017,-76.9654999
"Homicide",2007,38.8553009,-76.9871979
"Homicide",2007,38.8338013,-76.9922028
"Homicide",2007,38.8391991,-76.9962997
"Homicide",2007,38.8516006,-76.9868011
"Homicide",2007,38.9552002,-77.0279007
"Homicide",2007,38.9406013,-77.0243988
"Homicide",2007,38.9057007,-76.9504013
"Homicide",2007,38.9603004,-77.0283966
"Homicide",2007,38.853199,-76.9707031
"Homicide",2007,38.8605003,-76.9859009
"Homicide",2007,38.9406013,-77.0318985
"Homicide",2007,38.8737984,-77.0121994
"Homicide",2007,38.9786987,-77.0223999
"Homicide",2007,38.8804016,-76.9614029
"Homicide",2007,38.8801994,-77.0261002
"Homicide",2007,38.8289986,-76.9943008
"Homicide",2007,38.8732986,-76.9347992
"Homicide",2007,38.9127998,-76.9384003
"Homicide",2007,38.8932991,-76.9505005
"Homicide",2007,38.8600006,-76.9856033
"Homicide",2007,38.8981018,-76.9172974
"Homicide",2007,38.8932991,-76.9262009
"Homicide",2007,38.9253998,-77.0323029
"Homicide",2007,38.9056015,-77.0121994
"Homicide",2007,38.8554001,-76.9917984
"Homicide",2007,38.9110985,-77.0208969
"Homicide",2007,38.8582993,-76.9873962
"Homicide",2007,38.8866005,-76.9517975
"Homicide",2007,38.8282013,-76.9933014
"Homicide",2007,38.8451996,-76.9725037
"Homicide",2007,38.9059982,-76.9777985
"Homicide",2007,38.8521004,-76.9894028
"Homicide",2007,38.8306999,-76.9989014
"Homicide",2007,38.8564987,-76.9906998
"Homicide",2007,38.9376984,-77.0361023
"Homicide",2007,38.8582001,-76.9970016
"Homicide",2007,38.8609009,-76.9890976
"Homicide",2007,38.8405991,-77.0052032
"Homicide",2007,38.8469009,-76.9726028
"Homicide",2007,38.8450012,-76.9721985
"Homicide",2007,38.9166985,-77.0242004
"Homicide",2007,38.8316002,-76.9947968
"Homicide",2007,38.8899002,-77.0140991
"Homicide",2007,38.8442001,-76.9785995
"Homicide",2007,38.9026985,-76.9251022
"Homicide",2007,38.8894997,-76.9824982
"Homicide",2007,38.9077988,-77.0058975
"Homicide",2007,38.9080009,-76.9301987
"Homicide",2007,38.8336983,-76.987999
"Homicide",2007,38.8247986,-77.0070038
"Homicide",2007,38.9289017,-76.9694977
"Homicide",2007,38.8814011,-76.9260025
"Homicide",2007,38.9048004,-77.0101013
"Homicide",2007,38.899601,-76.9819031
"Homicide",2007,38.9355011,-77.0325012
"Homicide",2007,38.842701,-76.9844971
"Homicide",2007,38.8550987,-76.9899979
"Homicide",2007,38.9049988,-76.9736023
"Homicide",2007,38.8613014,-76.9534988
"Homicide",2007,38.8553009,-76.9717026
"Homicide",2007,38.8255997,-77.0034027
"Homicide",2007,38.8942986,-76.9878006
"Homicide",2007,38.8783989,-76.9853973
"Homicide",2007,38.8740997,-76.9744034
"Homicide",2007,38.8989983,-76.9792023
"Homicide",2007,38.8331985,-76.9990997
"Homicide",2007,38.8331985,-76.9990997
"Homicide",2007,38.9253998,-77.0323029
"Homicide",2007,38.9025002,-77.0194016
"Homicide",2007,38.9178009,-77.0416031
"Homicide",2007,38.8848991,-76.9994965
"Homicide",2007,38.8482018,-76.967598
"Homicide",2007,38.8597984,-76.9990997
"Homicide",2007,38.8793983,-76.9311981
"Homicide",2007,38.9063988,-77.0058975
"Homicide",2007,38.8846016,-76.9861984
"Homicide",2007,38.8465996,-76.9757004
"Homicide",2007,38.912899,-77.0234985
"Homicide",2007,38.8322983,-76.9952011
"Homicide",2007,38.9103012,-76.9848022
"Homicide",2007,38.8727989,-76.9748001
"Homicide",2007,38.8544006,-76.9714966
"Homicide",2007,38.9192009,-77.0162964
"Homicide",2007,38.8497009,-76.9729004
"Homicide",2007,38.8796005,-76.9290009
"Homicide",2007,38.9089012,-77.0046005
"Homicide",2007,38.9119987,-76.9366989
"Homicide",2007,38.8931999,-76.952301
"Homicide",2007,38.8800011,-76.9620972
"Homicide",2007,38.8824997,-76.9393997
"Homicide",2007,38.9029007,-77.0103989
"Homicide",2007,38.9556999,-77.0334015
"Homicide",2007,38.8568001,-76.9854965
"Homicide",2007,38.8535004,-76.9652023
"Homicide",2007,38.8446999,-76.9847031
"Homicide",2007,38.8963013,-76.9207001
"Homicide",2007,38.9031982,-76.973999
"Homicide",2007,38.9347992,-76.9643021
"Homicide",2007,38.8991013,-76.9729004
"Homicide",2007,38.8303986,-77.0009003
"Homicide",2007,38.8839989,-76.9545975
"Homicide",2007,38.8839989,-76.9545975
"Homicide",2007,38.9087982,-77.0115967
"Homicide",2007,38.9053993,-76.9299011
"Homicide",2007,38.8628006,-76.9809036
"Homicide",2007,38.9030991,-76.9789963
"Homicide",2007,38.9063988,-77.0098038
"Homicide",2007,38.9012985,-76.9205017
"Homicide",2007,38.9034996,-76.9729004
"Homicide",2007,38.9328003,-77.0226974
"Homicide",2007,38.9019012,-76.9901962
"Homicide",2007,38.9252014,-76.9917984
"Homicide",2007,38.8688011,-76.979599
"Homicide",2007,38.8750992,-77.0103989
"Homicide",2007,38.8347015,-76.9882965
"Homicide",2007,38.8520012,-76.9655991
"Homicide",2007,38.8622017,-76.9952011
"Homicide",2007,38.8326988,-76.987999
"Homicide",2007,38.8605995,-76.9966965
"Homicide",2007,38.9098015,-77.0123978
"Homicide",2007,38.9129982,-77.0222015
"Homicide",2007,38.905201,-77.0121994
"Homicide",2007,38.8320999,-77.0077972
"Homicide",2007,38.9082985,-76.9300995
"Homicide",2007,38.8623009,-76.9878998
"Homicide",2007,38.9294014,-76.9779968
"Homicide",2007,38.9485016,-76.9946976
"Homicide",2007,38.9081001,-76.9824982
"Homicide",2007,38.9057999,-77.028801
"Homicide",2007,38.9351997,-77.0326996
"Homicide",2008,38.9207993,-76.9820023
"Homicide",2008,38.9241982,-76.986702
"Homicide",2008,38.8270988,-76.998703
"Homicide",2008,38.8270988,-76.998703
"Homicide",2008,38.8270988,-76.998703
"Homicide",2008,38.8270988,-76.998703
"Homicide",2008,38.8881989,-76.9571991
"Homicide",2008,38.8338013,-76.9922028
"Homicide",2008,38.8894997,-76.9336014
"Homicide",2008,38.8642998,-76.9829025
"Homicide",2008,38.8913994,-76.9409027
"Homicide",2008,38.884201,-76.9515991
"Homicide",2008,38.9637985,-77.0317001
"Homicide",2008,38.8879013,-76.9281006
"Homicide",2008,38.8442993,-76.9723969
"Homicide",2008,38.919899,-76.9730988
"Homicide",2008,38.9375992,-76.9707031
"Homicide",2008,38.8939018,-76.9554977
"Homicide",2008,38.9169006,-76.955101
"Homicide",2008,38.8983994,-76.9284973
"Homicide",2008,38.9332008,-77.0213013
"Homicide",2008,38.9356003,-77.0225983
"Homicide",2008,38.9539986,-77.0251007
"Homicide",2008,38.9247017,-77.0077972
"Homicide",2008,38.9252014,-76.963501
"Homicide",2008,38.8471985,-76.9821014
"Homicide",2008,38.9323997,-77.0215988
"Homicide",2008,38.8889008,-76.9325027
"Homicide",2008,38.9564018,-77.0290985
"Homicide",2008,38.973999,-77.0266037
"Homicide",2008,38.9222984,-76.9833984
"Homicide",2008,38.901001,-76.9759979
"Homicide",2008,38.8289986,-76.9927979
"Homicide",2008,38.9584999,-77.0025024
"Homicide",2008,38.9126015,-77.0090027
"Homicide",2008,38.8596992,-76.9882965
"Homicide",2008,38.9178009,-77.0073013
"Homicide",2008,38.9075012,-76.9870987
"Homicide",2008,38.9062996,-76.9889984
"Homicide",2008,38.9039993,-77.0391998
"Homicide",2008,38.9261017,-76.9901962
"Homicide",2008,38.8955994,-76.9822998
"Homicide",2008,38.9249001,-76.969902
"Homicide",2008,38.9063988,-77.0098038
"Homicide",2008,38.9037018,-76.9747009
"Homicide",2008,38.8326988,-76.9944
"Homicide",2008,38.8540001,-76.9841003
"Homicide",2008,38.9029999,-76.9881973
"Homicide",2008,38.8534012,-76.9860001
"Homicide",2008,38.9034004,-77.033699
"Homicide",2008,38.8823013,-76.9335022
"Homicide",2008,38.8685989,-76.9476013
"Homicide",2008,38.8827019,-76.9757004
"Homicide",2008,38.8782005,-76.9805984
"Homicide",2008,38.905899,-76.9372025
"Homicide",2008,38.9197998,-77.0282974
"Homicide",2008,38.9599991,-77.061203
"Homicide",2008,38.8843002,-76.9294968
"Homicide",2008,38.9374008,-76.9936981
"Homicide",2008,38.8819008,-76.9251022
"Homicide",2008,38.8893013,-76.9149017
"Homicide",2008,38.8464012,-76.9695969
"Homicide",2008,38.9161987,-77.0242004
"Homicide",2008,38.8880997,-76.927002
"Homicide",2008,38.8678017,-76.9703979
"Homicide",2008,38.8839989,-76.9545975
"Homicide",2008,38.9047012,-77.001297
"Homicide",2008,38.8852005,-76.9248962
"Homicide",2008,38.9011002,-76.9849014
"Homicide",2008,38.9011002,-76.9849014
"Homicide",2008,38.9011002,-76.9849014
"Homicide",2008,38.9221001,-77.0008011
"Homicide",2008,38.8238983,-77.0030975
"Homicide",2008,38.9044991,-77.0112
"Homicide",2008,38.8448982,-76.9777985
"Homicide",2008,38.8596992,-76.985199
"Homicide",2008,38.8297005,-77.0112
"Homicide",2008,38.8793983,-76.9291
"Homicide",2008,38.8804016,-76.9394989
"Homicide",2008,38.9508018,-77.0205994
"Homicide",2008,38.8949013,-76.9854965
"Homicide",2008,38.8409996,-76.9918976
"Homicide",2008,38.8331985,-76.9941025
"Homicide",2008,38.9630013,-76.9991989
"Homicide",2008,38.9224014,-77.030899
"Homicide",2008,38.8334007,-76.9885025
"Homicide",2008,38.8518982,-76.9655991
"Homicide",2008,38.8314018,-76.9943008
"Homicide",2008,38.9524002,-77.0218964
"Homicide",2008,38.8445015,-77.0003967
"Homicide",2008,38.9217987,-77.0242996
"Homicide",2008,38.9319992,-77.0222015
"Homicide",2008,38.8967018,-76.9829025
"Homicide",2008,38.9389,-76.9938965
"Homicide",2008,38.9081993,-77.0305023
"Homicide",2008,38.9449997,-77.0251999
"Homicide",2008,38.9042015,-76.9829025
"Homicide",2008,38.9585991,-77.0276031
"Homicide",2008,38.9189987,-77.0145035
"Homicide",2008,38.9049988,-77.009201
"Homicide",2008,38.9079018,-77.0121994
"Homicide",2008,38.9057007,-77.0220032
"Homicide",2008,38.8706017,-76.9796982
"Homicide",2008,38.8706017,-76.9796982
"Homicide",2008,38.8521996,-76.9655991
"Homicide",2008,38.8436012,-76.9726028
"Homicide",2008,38.9452019,-77.0053024
"Homicide",2008,38.9152985,-77.0205002
"Homicide",2008,38.9338989,-77.0236969
"Homicide",2008,38.8291016,-76.9912033
"Homicide",2008,38.8414001,-76.998703
"Homicide",2008,38.9571991,-77.0250015
"Homicide",2008,38.9487991,-77.0162964
"Homicide",2008,38.8827019,-76.9611969
"Homicide",2008,38.9029007,-77.0103989
"Homicide",2008,38.9029007,-77.0103989
"Homicide",2008,38.8448982,-76.9729996
"Homicide",2008,38.9076996,-76.986702
"Homicide",2008,38.8611984,-76.9888
"Homicide",2008,38.8650017,-76.9797974
"Homicide",2008,38.8823013,-76.9335022
"Homicide",2008,38.8456001,-76.9985962
"Homicide",2008,38.8460999,-76.9731979
"Homicide",2008,38.8913994,-76.9369965
"Homicide",2008,38.8488998,-76.9797974
"Homicide",2008,38.9081993,-76.9338989
"Homicide",2008,38.9117012,-77.0084
"Homicide",2008,38.8739014,-76.9338989
"Homicide",2008,38.8888016,-76.9521027
"Homicide",2008,38.9025002,-76.947998
"Homicide",2008,38.9071999,-77.0229034
"Homicide",2008,38.9183998,-77.0162964
"Homicide",2008,38.898201,-76.9304962
"Homicide",2008,38.8437004,-76.9897003
"Homicide",2008,38.8391991,-76.9962997
"Homicide",2008,38.9625015,-77.030098
"Homicide",2008,38.9035988,-76.9355011
"Homicide",2008,38.9165993,-77.0328979
"Homicide",2008,38.8748016,-76.9670029
"Homicide",2008,38.8538017,-76.9848022
"Homicide",2008,38.8274002,-76.9981995
"Homicide",2008,38.9039993,-76.9825974
"Homicide",2008,38.8937988,-76.9520035
"Homicide",2008,38.8424988,-77.0029984
"Homicide",2008,38.8866005,-76.9417038
"Homicide",2008,38.9131012,-77.014801
"Homicide",2008,38.8703003,-76.981102
"Homicide",2008,38.8745003,-77.0111008
"Homicide",2008,38.8771019,-77.0193024
"Homicide",2008,38.9286003,-77.0234985
"Homicide",2008,38.9089012,-76.9831009
"Homicide",2008,38.8933983,-76.9120026
"Homicide",2008,38.8550987,-76.9899979
"Homicide",2008,38.9042015,-77.0167999
"Homicide",2008,38.9491997,-76.9918976
"Homicide",2008,38.9267998,-77.0270004
"Homicide",2008,38.8516006,-76.9741974
"Homicide",2008,38.8983994,-76.9182968
"Homicide",2008,38.8392982,-76.9941025
"Homicide",2008,38.9231987,-76.9877014
"Homicide",2008,38.9346008,-77.0285034
"Homicide",2008,38.9101982,-76.9838028
"Homicide",2008,38.9453011,-77.0267029
"Homicide",2008,38.8255997,-76.9998016
"Homicide",2008,38.8311005,-76.9965973
"Homicide",2008,38.9063988,-77.0098038
"Homicide",2008,38.828701,-76.9921036
"Homicide",2008,38.8851013,-76.947998
"Homicide",2008,38.9599991,-77.0811005
"Homicide",2008,38.9599991,-77.0811005
"Homicide",2008,38.8900986,-76.9608994
"Homicide",2008,38.9063988,-77.0098038
"Homicide",2008,38.8521996,-76.9815979
"Homicide",2008,38.9169998,-77.0121994
"Homicide",2008,38.9192009,-77.0404968
"Homicide",2008,38.9297981,-77.0222015
"Homicide",2008,38.9319,-77.0326996
"Homicide",2008,38.8869019,-76.9365997
"Homicide",2008,38.8905983,-76.9322968
"Homicide",2008,38.9562988,-77.0077972
"Homicide",2008,38.9188995,-77.0177994
"Homicide",2008,38.9110985,-77.0270004
"Homicide",2008,38.8981018,-77.0516968
"Homicide",2008,38.8420982,-76.9910965
"Homicide",2008,38.9250984,-76.9926987
"Homicide",2009,38.8605003,-76.9710007
"Homicide",2009,38.8877983,-76.9813004
"Homicide",2009,38.8595009,-76.9873962
"Homicide",2009,38.8434982,-76.9792023
"Homicide",2009,38.8391991,-76.9962997
"Homicide",2009,38.9272003,-77.0314026
"Homicide",2009,38.8412018,-76.990303
"Homicide",2009,38.8391991,-76.9974976
"Homicide",2009,38.8627014,-76.9918976
"Homicide",2009,38.8586006,-76.9896011
"Homicide",2009,38.914299,-77.001503
"Homicide",2009,38.9351997,-77.0326996
"Homicide",2009,38.8420982,-76.9873962
"Homicide",2009,38.8482018,-76.9822006
"Homicide",2009,38.9648018,-77.032402
"Homicide",2009,38.8628006,-76.9809036
"Homicide",2009,38.9389992,-77.0325012
"Homicide",2009,38.949501,-77.0170975
"Homicide",2009,38.9264984,-77.0222015
"Homicide",2009,38.9327011,-77.0230026
"Homicide",2009,38.9494019,-76.9944
"Homicide",2009,38.8983994,-76.946701
"Homicide",2009,38.8319016,-76.9901962
"Homicide",2009,38.8302002,-77.0057983
"Homicide",2009,38.9037018,-76.9747009
"Homicide",2009,38.9037018,-76.9747009
"Homicide",2009,38.9037018,-76.9747009
"Homicide",2009,38.8848991,-76.9548035
"Homicide",2009,38.9281006,-76.9833984
"Homicide",2009,38.8610001,-76.9672012
"Homicide",2009,38.8530998,-76.9660034
"Homicide",2009,38.899601,-76.983902
"Homicide",2009,38.9025993,-76.9441986
"Homicide",2009,38.8292999,-77.001503
"Homicide",2009,38.8339005,-76.9884033
"Homicide",2009,38.832901,-76.9897995
"Homicide",2009,38.9215012,-77.0112991
"Homicide",2009,38.8322983,-76.9882965
"Homicide",2009,38.8941994,-76.933403
"Homicide",2009,38.9473,-77.024498
"Homicide",2009,38.9352989,-77.0334015
"Homicide",2009,38.9053001,-77.021698
"Homicide",2009,38.9281998,-77.0322037
"Homicide",2009,38.8282013,-77.0001984
"Homicide",2009,38.9160995,-77.0037994
"Homicide",2009,38.8541985,-76.9858017
"Homicide",2009,38.8847008,-76.9300003
"Homicide",2009,38.9157982,-77.0299988
"Homicide",2009,38.921299,-76.9567032
"Homicide",2009,38.8839989,-76.9309006
"Homicide",2009,38.9342995,-76.9779968
"Homicide",2009,38.8844986,-76.9238968
"Homicide",2009,38.9151993,-76.9828033
"Homicide",2009,38.8866997,-77.0326996
"Homicide",2009,38.9273987,-77.0311966
"Homicide",2009,38.9208984,-76.9858017
"Homicide",2009,38.8296013,-76.9941025
"Homicide",2009,38.8485985,-77.0049973
"Homicide",2009,38.9030991,-76.924202
"Homicide",2009,38.9033012,-76.9798965
"Homicide",2009,38.9365005,-77.0192032
"Homicide",2009,38.895401,-76.9393997
"Homicide",2009,38.8596001,-77.0009003
"Homicide",2009,38.8549995,-76.9722977
"Homicide",2009,38.9491005,-77.0150986
"Homicide",2009,38.9178009,-77.0022964
"Homicide",2009,38.908699,-76.9400024
"Homicide",2009,38.8988991,-76.9293976
"Homicide",2009,38.9322014,-77.0212021
"Homicide",2009,38.8852005,-76.9571991
"Homicide",2009,38.8872986,-76.9173965
"Homicide",2009,38.9283981,-77.0431976
"Homicide",2009,38.9203987,-77.0011978
"Homicide",2009,38.8745003,-77.0115967
"Homicide",2009,38.9121017,-76.9383011
"Homicide",2009,38.8782005,-76.9897003
"Homicide",2009,38.8600006,-76.9983978
"Homicide",2009,38.9057999,-76.9774017
"Homicide",2009,38.8622017,-76.9952011
"Homicide",2009,38.8468018,-76.9964981
"Homicide",2009,38.9425011,-77.0186005
"Homicide",2009,38.8792,-76.9833984
"Homicide",2009,38.8546982,-76.9784012
"Homicide",2009,38.8538017,-76.9710007
"Homicide",2009,38.9552002,-77.0118027
"Homicide",2009,38.9203987,-77.0008011
"Homicide",2009,38.9113007,-77.0139999
"Homicide",2009,38.9255981,-77.0327988
"Homicide",2009,38.9085999,-77.0175018
"Homicide",2009,38.9530983,-77.0263977
"Homicide",2009,38.8969994,-76.9469986
"Homicide",2009,38.9026985,-76.9272995
"Homicide",2009,38.896801,-76.946701
"Homicide",2009,38.8242989,-77.0065002
"Homicide",2009,38.9361992,-76.9875031
"Homicide",2009,38.8521004,-76.9806976
"Homicide",2009,38.8606987,-76.9999008
"Homicide",2009,38.8881989,-76.9561005
"Homicide",2009,38.9026985,-76.9810028
"Homicide",2009,38.8722,-76.9784012
"Homicide",2009,38.8997002,-76.982399
"Homicide",2009,38.8745003,-77.0123978
"Homicide",2009,38.8937988,-76.924202
"Homicide",2009,38.9048996,-76.9735031
"Homicide",2009,38.8806992,-76.9319
"Homicide",2009,38.9035988,-76.973999
"Homicide",2009,38.9473991,-77.0276031
"Homicide",2009,38.8908005,-76.9228973
"Homicide",2009,38.9417,-77.0235977
"Homicide",2009,38.9417,-77.0235977
"Homicide",2009,38.8652992,-76.9736023
"Homicide",2009,38.8504982,-76.9730988
"Homicide",2009,38.8504982,-76.9730988
"Homicide",2009,38.9048004,-76.9336014
"Homicide",2009,38.9007988,-76.9372025
"Homicide",2009,38.8361015,-77.0058975
"Homicide",2009,38.9364014,-77.0373001
"Homicide",2009,38.9426994,-77.0134964
"Homicide",2009,38.8857002,-76.9294968
"Homicide",2009,38.9224014,-77.0270004
"Homicide",2009,38.9557991,-77.0277023
"Homicide",2009,38.9051018,-76.9747009
"Homicide",2009,38.9002991,-76.9854965
"Homicide",2009,38.9056015,-76.9433975
"Homicide",2009,38.8650017,-76.9824982
"Homicide",2009,38.9277,-77.0342026
"Homicide",2009,38.9297981,-76.957901
"Homicide",2009,38.8303986,-77.0009003
"Homicide",2009,38.9272003,-77.0236969
"Homicide",2009,38.8280983,-77.001503
"Homicide",2009,38.8529015,-76.9806976
"Homicide",2009,38.9556007,-77.0175018
"Homicide",2009,38.8485985,-77.0021973
"Homicide",2009,38.9532013,-77.0279999
"Homicide",2009,38.9438019,-77.0034027
"Homicide",2009,38.9438019,-77.0034027
"Homicide",2009,38.8656006,-76.9639969
"Homicide",2009,38.8321991,-76.9891968
"Homicide",2010,38.843399,-76.978302
"Homicide",2010,38.8624992,-76.9698029
"Homicide",2010,38.8810005,-76.9393005
"Homicide",2010,38.8595009,-76.9981003
"Homicide",2010,38.8913994,-76.9234009
"Homicide",2010,38.9079018,-76.9287033
"Homicide",2010,38.9277992,-76.9860001
"Homicide",2010,38.9272995,-77.026001
"Homicide",2010,38.8307991,-76.992897
"Homicide",2010,38.8585014,-76.9985962
"Homicide",2010,38.8995018,-76.9740982
"Homicide",2010,38.8774986,-76.9845963
"Homicide",2010,38.9021988,-76.9337997
"Homicide",2010,38.9654999,-77.0223999
"Homicide",2010,38.8446999,-76.9999008
"Homicide",2010,38.9351997,-77.0326996
"Homicide",2010,38.9459,-77.006897
"Homicide",2010,38.8560982,-76.9726028
"Homicide",2010,38.8450012,-76.9869003
"Homicide",2010,38.9192009,-76.987999
"Homicide",2010,38.8335991,-76.9853973
"Homicide",2010,38.8237,-77.0075989
"Homicide",2010,38.8305016,-77.0076981
"Homicide",2010,38.8305016,-77.0076981
"Homicide",2010,38.8305016,-77.0076981
"Homicide",2010,38.9224014,-77.0270004
"Homicide",2010,38.8810997,-76.9355011
"Homicide",2010,38.8530006,-76.9656982
"Homicide",2010,38.8539009,-76.9844971
"Homicide",2010,38.9236984,-76.9990005
"Homicide",2010,38.8484993,-77.0037994
"Homicide",2010,38.8838005,-76.9298019
"Homicide",2010,38.827301,-77.0005035
"Homicide",2010,38.8764992,-76.9326019
"Homicide",2010,38.9473,-77.024498
"Homicide",2010,38.862999,-76.9803009
"Homicide",2010,38.9090004,-76.9840012
"Homicide",2010,38.8848991,-76.9565964
"Homicide",2010,38.8576012,-76.9968033
"Homicide",2010,38.9185982,-77.0019989
"Homicide",2010,38.898201,-76.9726028
"Homicide",2010,38.8320007,-76.992897
"Homicide",2010,38.962101,-77.0279007
"Homicide",2010,38.9362984,-77.0326996
"Homicide",2010,38.9062004,-76.9994965
"Homicide",2010,38.9062004,-76.9994965
"Homicide",2010,38.9015007,-76.9741974
"Homicide",2010,38.905899,-76.9761963
"Homicide",2010,38.8237,-77.0075989
"Homicide",2010,38.9109001,-76.9354019
"Homicide",2010,38.8751984,-76.9642029
"Homicide",2010,38.8919983,-76.913002
"Homicide",2010,38.8445015,-76.9764023
"Homicide",2010,38.9281998,-77.0273972
"Homicide",2010,38.8927994,-76.9291
"Homicide",2010,38.8919983,-76.9115982
"Homicide",2010,38.8972015,-76.9176025
"Homicide",2010,38.9239006,-77.0390015
"Homicide",2010,38.8960991,-76.9814987
"Homicide",2010,38.8642998,-76.9812012
"Homicide",2010,38.8669014,-76.9860992
"Homicide",2010,38.9048996,-77.026001
"Homicide",2010,38.9239006,-77.0390015
"Homicide",2010,38.8744011,-76.9740982
"Homicide",2010,38.9473,-77.0218964
"Homicide",2010,38.8280983,-77.0076981
"Homicide",2010,38.9225006,-76.9878006
"Homicide",2010,38.9225006,-76.9878006
"Homicide",2010,38.8818016,-76.9378967
"Homicide",2010,38.8881989,-76.9574966
"Homicide",2010,38.8681984,-76.9831009
"Homicide",2010,38.8658981,-76.9802017
"Homicide",2010,38.8540993,-76.9716034
"Homicide",2010,38.8867989,-76.9549026
"Homicide",2010,38.9215012,-77.0723038
"Homicide",2010,38.8885002,-76.9345016
"Homicide",2010,38.8937988,-76.924202
"Homicide",2010,38.8572998,-76.9744034
"Homicide",2010,38.8725014,-77.0121994
"Homicide",2010,38.831501,-76.9880981
"Homicide",2010,38.9450989,-77.0262985
"Homicide",2010,38.8361015,-77.0058975
"Homicide",2010,38.8280983,-76.9924011
"Homicide",2010,38.9169998,-77.0296021
"Homicide",2010,38.8454018,-76.9728012
"Homicide",2010,38.8454018,-76.9728012
"Homicide",2010,38.8949013,-76.9236984
"Homicide",2010,38.9051018,-77.0102997
"Homicide",2010,38.9273987,-77.0222015
"Homicide",2010,38.821701,-77.0007019
"Homicide",2010,38.9740982,-77.0175018
"Homicide",2010,38.9192009,-76.987999
"Homicide",2010,38.9174004,-77.0239029
"Homicide",2010,38.8958015,-76.9212036
"Homicide",2010,38.9435005,-77.026001
"Homicide",2010,38.9147987,-77.0250015
"Homicide",2010,38.8560982,-76.9726028
"Homicide",2010,38.9584999,-77.0215988
"Homicide",2010,38.922699,-77.0319977
"Homicide",2010,38.8571014,-76.9814987
"Homicide",2010,38.8306999,-77.0058975
"Homicide",2010,38.8595009,-76.9981003
"Homicide",2010,38.8560982,-76.9726028
"Homicide",2010,38.9017982,-76.9281998
"Homicide",2010,38.9063988,-77.0270004
"Homicide",2010,38.9029007,-76.9835968
"Homicide",2010,38.9533005,-76.9888992
"Homicide",2010,38.9095993,-77.0105972
"Homicide",2010,38.8783989,-77.0141983
"Homicide",2010,38.8921013,-77.0127029
"Homicide",2010,38.9079018,-77.0101013
"Homicide",2010,38.9248009,-77.0263977
"Homicide",2010,38.9491005,-77.0245972
"Homicide",2010,38.8244019,-77.009697
"Homicide",2010,38.8737984,-77.0106964
"Homicide",2010,38.8688011,-76.9850998
"Homicide",2010,38.8512993,-76.9626999
"Homicide",2010,38.9339981,-76.9910965
"Homicide",2010,38.9197006,-76.9704971
"Homicide",2010,38.9365005,-77.0203018
"Homicide",2010,38.830101,-76.9957962
"Homicide",2011,38.8415985,-76.9872971
"Homicide",2011,38.9460983,-77.0170975
"Homicide",2011,38.8991013,-76.9409027
"Homicide",2011,38.8818016,-76.9255981
"Homicide",2011,38.9108009,-77.0090027
"Homicide",2011,38.9626999,-77.0046997
"Homicide",2011,38.9626999,-77.0046997
"Homicide",2011,38.9457016,-77.0234985
"Homicide",2011,38.9199982,-77.040802
"Homicide",2011,38.9205017,-76.9833984
"Homicide",2011,38.928299,-77.0261993
"Homicide",2011,38.8956985,-76.9729004
"Homicide",2011,38.8634987,-76.973999
"Homicide",2011,38.8751984,-76.9642029
"Homicide",2011,38.8512993,-76.9655991
"Homicide",2011,38.8875008,-76.9341965
"Homicide",2011,38.8456001,-76.9833984
"Homicide",2011,38.8585014,-76.990097
"Homicide",2011,38.9063988,-77.0270004
"Homicide",2011,38.9211006,-76.9886017
"Homicide",2011,38.9574013,-77.0029984
"Homicide",2011,38.9376984,-77.0223007
"Homicide",2011,38.8320007,-76.9970016
"Homicide",2011,38.8320007,-76.9970016
"Homicide",2011,38.844799,-76.9850998
"Homicide",2011,38.8562012,-76.9837036
"Homicide",2011,38.9311981,-77.0121994
"Homicide",2011,38.8731995,-76.9843979
"Homicide",2011,38.9280014,-77.0245972
"Homicide",2011,38.9219017,-77.0401993
"Homicide",2011,38.8852005,-76.956398
"Homicide",2011,38.8574982,-76.9726028
"Homicide",2011,38.9124985,-76.9856033
"Homicide",2011,38.8730011,-76.9716034
"Homicide",2011,38.9061012,-76.9772034
"Homicide",2011,38.9039993,-76.947197
"Homicide",2011,38.9250984,-76.9962006
"Homicide",2011,38.8473015,-77.0017014
"Homicide",2011,38.8843994,-76.9587021
"Homicide",2011,38.9017982,-76.9261017
"Homicide",2011,38.9552002,-77.0279007
"Homicide",2011,38.9011993,-76.9837036
"Homicide",2011,38.9089012,-77.0159988
"Homicide",2011,38.899601,-76.9722977
"Homicide",2011,38.9155998,-77.004303
"Homicide",2011,38.9492989,-77.0166016
"Homicide",2011,38.9576988,-77.0102997
"Homicide",2011,38.8574982,-76.9905014
"Homicide",2011,38.9048996,-76.9845963
"Homicide",2011,38.8958015,-76.9150009
"Homicide",2011,38.9264984,-77.0243988
"Homicide",2011,38.8634987,-76.973999
"Homicide",2011,38.8810997,-76.9355011
"Homicide",2011,38.911499,-77.0087967
"Homicide",2011,38.8661003,-76.9789963
"Homicide",2011,38.9357986,-77.0335999
"Homicide",2011,38.9357986,-77.0335999
"Homicide",2011,38.9387016,-77.026001
"Homicide",2011,38.8945007,-76.9136963
"Homicide",2011,38.9552994,-77.0240021
"Homicide",2011,38.8848,-76.9574966
"Homicide",2011,38.894001,-76.9781036
"Homicide",2011,38.8949013,-77.0276031
"Homicide",2011,38.8953018,-76.9205017
"Homicide",2011,38.9104004,-77.0641022
"Homicide",2011,38.8372993,-76.987999
"Homicide",2011,38.9239006,-77.0341034
"Homicide",2011,38.8931999,-76.9505997
"Homicide",2011,38.8967018,-76.9869003
"Homicide",2011,38.8964005,-76.9822006
"Homicide",2011,38.9071999,-77.0143967
"Homicide",2011,38.8995018,-76.9751968
"Homicide",2011,38.8978996,-76.9169006
"Homicide",2011,38.9243011,-77.0270004
"Homicide",2011,38.9039993,-76.9875031
"Homicide",2011,38.8987007,-76.9218979
"Homicide",2011,38.8265991,-76.9944
"Homicide",2011,38.9048004,-76.9741974
"Homicide",2011,38.8949013,-76.9236984
"Homicide",2011,38.9445,-77.0326996
"Homicide",2011,38.9375992,-77.0267029
"Homicide",2011,38.9059982,-76.9908981
"Homicide",2011,38.860199,-76.9889984
"Homicide",2011,38.9021988,-76.9757004
"Homicide",2011,38.8594017,-76.9999008
"Homicide",2011,38.8459015,-76.9968033
"Homicide",2011,38.911499,-77.0087967
"Homicide",2011,38.8507996,-76.9747009
"Homicide",2011,38.9117012,-76.9385986
"Homicide",2011,38.9169998,-77.0218964
"Homicide",2011,38.8935013,-76.9263
"Homicide",2011,38.905201,-77.0576019
"Homicide",2011,38.8599014,-76.9989014
"Homicide",2011,38.9115982,-76.935997
"Homicide",2011,38.9236984,-76.9990005
"Homicide",2011,38.9056015,-76.9748001
"Homicide",2011,38.9096985,-76.9834976
"Homicide",2011,38.8992004,-76.9761963
"Homicide",2011,38.9099007,-77.043602
"Homicide",2011,38.9048004,-76.9741974
"Homicide",2011,38.8972015,-76.9733963
"Homicide",2011,38.8903999,-76.9378967
"Homicide",2011,38.8574982,-76.9726028
"Homicide",2011,38.8757019,-76.9389038
"Homicide",2011,38.9407005,-76.9914017
"Homicide",2012,38.9005013,-76.9409027
"Homicide",2012,38.9115982,-76.9369965
"Homicide",2012,38.9107018,-76.9395981
"Homicide",2012,38.8970985,-76.9185028
"Homicide",2012,38.8504982,-76.9730988
"Homicide",2012,38.9306984,-77.0326996
"Homicide",2012,38.889801,-76.9320984
"Homicide",2012,38.8844986,-76.9297028
"Homicide",2012,38.9220009,-76.9871979
"Homicide",2012,38.9151001,-76.9866028
"Homicide",2012,38.9524002,-76.9927979
"Homicide",2012,38.8776016,-76.9312973
"Homicide",2012,38.8707008,-76.9532013
"Homicide",2012,38.8368988,-76.981102
"Homicide",2012,38.896801,-76.9409027
"Homicide",2012,38.9329987,-76.9909973
"Homicide",2012,38.8320007,-76.9904022
"Homicide",2012,38.9224014,-76.9651031
"Homicide",2012,38.899601,-76.9722977
"Homicide",2012,38.8406982,-76.9891968
"Homicide",2012,38.843399,-76.9843979
"Homicide",2012,38.8802986,-76.9950027
"Homicide",2012,38.9497986,-77.0245972
"Homicide",2012,38.9000015,-76.9484024
"Homicide",2012,38.9241982,-76.9979019
"Homicide",2012,38.8478012,-76.9719009
"Homicide",2012,38.9147987,-77.0184021
"Homicide",2012,38.9118004,-76.9347992
"Homicide",2012,38.8594017,-76.9999008
"Homicide",2012,38.8857002,-76.9488983
"Homicide",2012,38.9076004,-77.0090027
"Homicide",2012,38.8913002,-76.9589005
"Homicide",2012,38.8594017,-76.9999008
"Homicide",2012,38.8773003,-76.9400024
"Homicide",2012,38.8406982,-76.9891968
"Homicide",2012,38.864399,-76.9921036
"Homicide",2012,38.8415985,-76.9872971
"Homicide",2012,38.8415985,-76.9872971
"Homicide",2012,38.9001999,-76.9955978
"Homicide",2012,38.8692017,-76.9807968
"Homicide",2012,38.9473991,-77.0203018
"Homicide",2012,38.8557014,-76.967598
"Homicide",2012,38.9104996,-76.935997
"Homicide",2012,38.9515991,-77.0118027
"Homicide",2012,38.9320984,-77.0225983
"Homicide",2012,38.8908005,-76.9244995
"Homicide",2012,38.9132996,-77.0218964
"Homicide",2012,38.8622017,-76.9807968
"Homicide",2012,38.8707008,-77.0102005
"Homicide",2012,38.9031982,-76.9829025
"Homicide",2012,38.8931999,-76.9505997
"Homicide",2012,38.8714981,-76.9726028
"Homicide",2012,38.8316002,-76.9917984
"Homicide",2012,38.8574982,-76.9905014
"Homicide",2012,38.9329987,-77.0238037
"Homicide",2012,38.8442993,-76.9885025
"Homicide",2012,38.9227982,-76.9913025
"Homicide",2012,38.8746986,-77.0123978
"Homicide",2012,38.953701,-76.9952011
"Homicide",2012,38.9217987,-77.0006027
"Homicide",2012,38.8541985,-76.9884033
"Homicide",2012,38.8851013,-76.9527969
"Homicide",2012,38.9037018,-77.001297
"Homicide",2012,38.8786011,-76.9308014
"Homicide",2012,38.8963013,-76.9281006
"Homicide",2012,38.9804001,-77.0264969
"Homicide",2012,38.8548012,-76.9656982
"Homicide",2012,38.9042015,-76.9950027
"Homicide",2012,38.8686981,-76.9690018
"Homicide",2012,38.8955994,-76.9520035
"Homicide",2012,38.9353981,-77.0297012
"Homicide",2012,38.8446999,-76.9999008
"Homicide",2012,38.9175987,-77.0006027
"Homicide",2012,38.8857002,-76.9488983
"Homicide",2012,38.910099,-76.9941025
"Homicide",2012,38.9259987,-77.0530014
"Homicide",2012,38.9028015,-76.9768982
"Homicide",2012,38.8693008,-76.9789963
"Homicide",2012,38.8818016,-76.9255981
"Homicide",2012,38.9263992,-76.9593964
"Homicide",2012,38.9434013,-76.9974976
"Homicide",2012,38.9042015,-76.9806976
"Homicide",2012,38.9042015,-76.9806976
"Homicide",2012,38.8936005,-76.9888
"Homicide",2012,38.8885002,-76.9288025
"Homicide",2012,38.8867989,-76.9568024
"Homicide",2013,38.8602982,-76.9657974
"Homicide",2013,38.896801,-76.9191971
"Homicide",2013,38.925499,-77.0226974
"Homicide",2013,38.9602013,-77.0198975
"Homicide",2013,38.8837013,-76.9431
"Homicide",2013,38.9034996,-76.9751968
"Homicide",2013,38.9247017,-77.0384979
"Homicide",2013,38.8512993,-76.9655991
"Homicide",2013,38.8577995,-76.9601974
"Homicide",2013,38.8265991,-77.001297
"Homicide",2013,38.9163017,-77.0240021
"Homicide",2013,38.8725014,-77.0136032
"Homicide",2013,38.8666992,-76.9871979
"Homicide",2013,38.9039993,-76.9389038
"Homicide",2013,38.9030991,-77.0384979
"Homicide",2013,38.8755989,-77.017601
"Homicide",2013,38.9241982,-76.9979019
"Homicide",2013,38.8560982,-76.9726028
"Homicide",2013,38.8879013,-76.9157028
"Homicide",2013,38.8442001,-76.9776993
"Homicide",2013,38.8438988,-76.9788971
"Homicide",2013,38.9399986,-76.9761963
"Homicide",2013,38.8624001,-76.9917984
"Homicide",2013,38.9141006,-77.0085983
"Homicide",2013,38.9533997,-77.0115967
"Homicide",2013,38.9546013,-77.0334015
"Homicide",2013,38.8911018,-76.9385986
"Homicide",2013,38.9199982,-77.0397034
"Homicide",2013,38.9201012,-76.990303
"Homicide",2013,38.8700981,-76.9759979
"Homicide",2013,38.9051018,-77.0102997
"Homicide",2013,38.895401,-76.9789963
"Homicide",2013,38.8923988,-76.9123001
"Homicide",2013,38.8764992,-76.9326019
"Homicide",2013,38.8594017,-76.9999008
"Homicide",2013,38.889801,-76.9580994
"Homicide",2013,38.8802986,-76.9901962
"Homicide",2013,38.8700981,-76.9759979
"Homicide",2013,38.8512001,-76.9729996
"Homicide",2013,38.8918991,-76.9462967
"Homicide",2013,38.9249992,-77.0242004
"Homicide",2013,38.882,-76.9266968
"Homicide",2013,38.9276009,-77.0261002
"Homicide",2013,38.8446999,-76.9999008
"Homicide",2013,38.8857002,-76.9488983
"Homicide",2013,38.8857002,-76.9488983
"Homicide",2013,38.9051018,-77.0102997
"Homicide",2013,38.8897018,-76.9244995
"Homicide",2013,38.8897018,-76.9244995
"Homicide",2013,38.9238014,-77.0262985
"Homicide",2013,38.830101,-76.9994965
"Homicide",2013,38.9278984,-76.9962006
"Homicide",2013,38.8700981,-76.9789963
"Homicide",2013,38.8983994,-76.9197998
"Homicide",2013,38.8335991,-76.9897995
"Homicide",2013,38.8718987,-76.9731979
"Homicide",2013,38.8279991,-77.0006027
"Homicide",2013,38.8437004,-76.9869003
"Homicide",2013,38.9276009,-77.0310974
"Homicide",2013,38.960701,-77.0418015
"Homicide",2013,38.8787994,-77.0151978
"Homicide",2013,38.8456993,-77.0046997
"Homicide",2013,38.9042015,-77.0121994
"Homicide",2013,38.9165993,-77.0019989
"Homicide",2013,38.8739014,-76.9978027
"Homicide",2013,38.8739014,-76.9978027
"Homicide",2013,38.8739014,-76.9978027
"Homicide",2013,38.8739014,-76.9978027
"Homicide",2013,38.8739014,-76.9978027
"Homicide",2013,38.8739014,-76.9978027
"Homicide",2013,38.8739014,-76.9978027
"Homicide",2013,38.8739014,-76.9978027
"Homicide",2013,38.8739014,-76.9978027
"Homicide",2013,38.8739014,-76.9978027
"Homicide",2013,38.8739014,-76.9978027
"Homicide",2013,38.8739014,-76.9978027
"Homicide",2013,38.8204994,-77.0103989
"Homicide",2013,38.9192009,-77.0417023
"Homicide",2013,38.9584007,-77.0270004
"Homicide",2013,38.9546013,-77.0278015
"Homicide",2013,38.8530006,-76.9656982
"Homicide",2013,38.9429016,-76.9914017
"Homicide",2013,38.8969002,-76.9340973
"Homicide",2013,38.911499,-77.0105972
"Homicide",2013,38.8524017,-76.9822998
"Homicide",2013,38.9124985,-76.9856033
"Homicide",2013,38.9398994,-77.0182037
"Homicide",2013,38.8438988,-76.9788971
"Homicide",2013,38.8424988,-76.998497
"Homicide",2013,38.8857994,-76.9293976
"Homicide",2013,38.9546013,-77.0278015
"Homicide",2013,38.9061012,-77.0413971
"Homicide",2013,38.8881989,-76.9574966
"Homicide",2013,38.8806,-76.9308014
"Homicide",2013,38.8244019,-77.009697
"Homicide",2013,38.8666,-76.9807968
"Homicide",2013,38.8665009,-76.9746017
"Homicide",2013,38.9104004,-77.0137024
"Homicide",2013,38.9660988,-77.0268021
"Homicide",2013,38.9110985,-77.0090027
"Homicide",2013,38.9220009,-76.9871979
"Homicide",2013,38.9085007,-76.9372025
"Homicide",2014,38.894001,-76.9781036
"Homicide",2014,38.8614998,-76.9654007
"Homicide",2014,38.8614006,-76.9718018
"Homicide",2014,38.8320007,-76.9970016
"Homicide",2014,38.9500008,-76.9842987
"Homicide",2014,38.9107018,-77.0670013
"Homicide",2014,38.9259987,-77.0242996
"Homicide",2014,38.9259987,-77.0242996
"Homicide",2014,38.8582001,-76.9870987
"Homicide",2014,38.9678993,-77.0334015
"Homicide",2014,38.9115982,-76.935997
"Homicide",2014,38.8594017,-76.9999008
"Homicide",2014,38.8700981,-76.9807968
"Homicide",2014,38.8700981,-76.9807968
"Homicide",2014,38.8974991,-76.9409027
"Homicide",2014,38.8265991,-76.9944
"Homicide",2014,38.8890991,-76.9373016
"Homicide",2014,38.9068985,-77
"Homicide",2014,38.8451004,-76.9868011
"Homicide",2014,38.8269005,-77.0066986
"Homicide",2014,38.9039993,-76.947197
"Homicide",2014,38.9047012,-76.9280014
"Homicide",2014,38.9047012,-76.9280014
"Homicide",2014,38.8848,-76.9496002
"Homicide",2014,38.9487,-77.0253983
"Homicide",2014,38.9584007,-77.0289993
"Homicide",2014,38.8591003,-76.9927979
"Homicide",2014,38.889801,-76.9367981
"Homicide",2014,38.8893013,-76.9360962
"Homicide",2014,38.8599014,-76.9989014
"Homicide",2014,38.8983994,-76.9222031
"Homicide",2014,38.8646011,-76.9831009
"Homicide",2014,38.8960991,-76.9264984
"Homicide",2014,38.9076996,-76.9849014
"Homicide",2014,38.8552017,-76.9897003
"Homicide",2014,38.832901,-76.9901962
"Homicide",2014,38.8981018,-76.9972992
"Homicide",2014,38.9468994,-77.0174026
"Homicide",2014,38.922699,-76.9944
"Homicide",2014,38.8832016,-76.9950027
"Homicide",2014,38.8866005,-76.9384003
"Homicide",2014,38.8978996,-76.9169006
"Homicide",2014,38.8560982,-76.9726028
"Homicide",2014,38.8590012,-76.993103
"Homicide",2014,38.8886986,-76.9225998
"Homicide",2014,38.9076004,-77.0090027
"Homicide",2014,38.914299,-76.9843979
"Homicide",2014,38.8512993,-76.9655991
"Homicide",2014,38.8504982,-76.9781036
"Homicide",2014,38.9147987,-77.0229034
"Homicide",2014,38.8260002,-76.9985962
"Homicide",2014,38.9147987,-77.0229034
"Homicide",2014,38.925499,-77.0382004
"Homicide",2014,38.8552017,-76.9897003
"Homicide",2014,38.8754997,-77.0113983
"Homicide",2014,38.8992996,-77.0137024
"Homicide",2014,38.8991013,-76.944397
"Homicide",2014,38.8828011,-76.9276962
"Homicide",2014,38.9001999,-76.9761963
"Homicide",2014,38.9090004,-76.9840012
"Homicide",2014,38.9037018,-76.9719009
"Homicide",2014,38.9215012,-77.0723038
"Homicide",2014,38.9054985,-76.9798965
"Homicide",2014,38.9566994,-77.0328979
"Homicide",2014,38.9155998,-77.009201
"Homicide",2014,38.9155998,-77.009201
"Homicide",2014,38.8396988,-76.998497
"Homicide",2014,38.9077988,-76.9344025
"Homicide",2014,38.8414993,-77.0018005
"Homicide",2014,38.9071999,-77.0074997
"Homicide",2014,38.9276009,-77.0310974
"Homicide",2014,38.9362984,-77.0213013
"Homicide",2014,38.8909988,-76.9358978
"Homicide",2014,38.8552017,-76.9897003
"Homicide",2014,38.9341011,-76.964798
"Homicide",2014,38.8302002,-77.0058975
"Homicide",2014,38.8935013,-76.9263
"Homicide",2014,38.8764,-76.9666977
"Homicide",2014,38.8478012,-76.9746017
"Homicide",2014,38.8597984,-76.9856033
"Homicide",2014,38.8848,-76.9354019
"Homicide",2014,38.9202003,-77.0028
"Homicide",2014,38.9334984,-77.0326996
"Homicide",2014,38.8576012,-76.9968033
"Homicide",2014,38.8213005,-77.0090027
"Homicide",2014,38.8665009,-76.9838028
"Homicide",2014,38.9547005,-77.0240021
"Homicide",2014,38.9225998,-76.9885025
"Homicide",2014,38.9365005,-77.0335999
"Homicide",2014,38.844799,-76.9784012
"Homicide",2014,38.8560982,-76.9726028
"Homicide",2014,38.8851013,-76.9527969
"Homicide",2014,38.9026985,-76.9285965
"Homicide",2014,38.8987007,-76.9776001
"Homicide",2014,38.9241982,-76.9979019
"Homicide",2014,38.8541985,-76.9884033
"Homicide",2014,38.9104996,-76.941803
"Homicide",2014,38.8335991,-76.9853973
"Homicide",2014,38.9490013,-77.0261993
"Homicide",2014,38.9244003,-77.0255966
"Homicide",2014,38.9012985,-76.9825974
"Homicide",2014,38.9392014,-77.0326996
"Homicide",2014,38.8594017,-76.9999008
"Homicide",2014,38.8368988,-76.981102
"Homicide",2014,38.8368988,-76.981102
"Homicide",2014,38.8978004,-76.9259033
