"cluster","cluster_name","year","aggassault","homicide","robbery","pop","popb","assaultrate","assaultrateb","robrate","robrateb"
1,"Kalorama Heights, Adams Morgan, Lanier Heights",2000,56,3,84,18167,18167,30.825122474817,30.825122474817,46.2376837122255,46.2376837122255
1,"Kalorama Heights, Adams Morgan, Lanier Heights",2001,56,2,129,18184.1,18184.1,30.7961350850468,30.7961350850468,70.94109689234,70.94109689234
1,"Kalorama Heights, Adams Morgan, Lanier Heights",2002,65,1,162,18201.2,18201.2,35.7119310814672,35.7119310814672,89.0051205415027,89.0051205415027
1,"Kalorama Heights, Adams Morgan, Lanier Heights",2003,56,0,139,18218.3,18218.3,30.7383235537893,30.7383235537893,76.2969102495842,76.2969102495842
1,"Kalorama Heights, Adams Morgan, Lanier Heights",2004,56,1,159,18235.4,18235.4,30.7094991061342,30.7094991061342,87.1930421049168,87.1930421049168
1,"Kalorama Heights, Adams Morgan, Lanier Heights",2005,56,1,133,18252.5,18252.5,30.6807286673058,30.6807286673058,72.8667305848514,72.8667305848514
1,"Kalorama Heights, Adams Morgan, Lanier Heights",2006,44,2,128,18269.6,18269.6,24.0837237815825,24.0837237815825,70.0617419100582,70.0617419100582
1,"Kalorama Heights, Adams Morgan, Lanier Heights",2007,55,2,149,18286.7,18286.7,30.076503688473,30.076503688473,81.4799827196815,81.4799827196815
1,"Kalorama Heights, Adams Morgan, Lanier Heights",2008,43,1,149,18303.8,18303.8,23.4923895584523,23.4923895584523,81.4038614932418,81.4038614932418
1,"Kalorama Heights, Adams Morgan, Lanier Heights",2009,38,0,134,18320.9,18320.9,20.741339126353,20.741339126353,73.1405116560868,73.1405116560868
1,"Kalorama Heights, Adams Morgan, Lanier Heights",2010,35,2,110,18338,18338,19.0860508234268,19.0860508234268,59.9847311593413,59.9847311593413
1,"Kalorama Heights, Adams Morgan, Lanier Heights",2011,37,2,122,18338,18355.1,20.1766822990512,20.1578852743924,66.5285200130876,66.4665406344831
1,"Kalorama Heights, Adams Morgan, Lanier Heights",2012,37,0,120,18338,18372.2,20.1766822990512,20.1391232405482,65.4378885374632,65.316075374751
1,"Kalorama Heights, Adams Morgan, Lanier Heights",2013,26,3,104,18338,18389.3,14.178209183117,14.1386567188528,56.7128367324681,56.5546268754112
1,"Kalorama Heights, Adams Morgan, Lanier Heights",2014,24,1,44,18338,18406.4,13.0875777074926,13.038942976356,23.9938924637365,23.9047287899861
2,"Columbia Heights, Mt. Pleasant, Pleasant Plains, Park View",2000,313,22,369,46779,46779,66.9103657624148,66.9103657624148,78.8815494131982,78.8815494131982
2,"Columbia Heights, Mt. Pleasant, Pleasant Plains, Park View",2001,364,23,395,46838.9,46838.9,77.7131828458824,77.7131828458824,84.3316132530866,84.3316132530866
2,"Columbia Heights, Mt. Pleasant, Pleasant Plains, Park View",2002,403,22,457,46898.8,46898.8,85.9297039583102,85.9297039583102,97.4438578385801,97.4438578385801
2,"Columbia Heights, Mt. Pleasant, Pleasant Plains, Park View",2003,368,15,534,46958.7,46958.7,78.3667350246067,78.3667350246067,113.716947019402,113.716947019402
2,"Columbia Heights, Mt. Pleasant, Pleasant Plains, Park View",2004,261,4,446,47018.6,47018.6,55.5099471273071,55.5099471273071,94.8560782328695,94.8560782328695
2,"Columbia Heights, Mt. Pleasant, Pleasant Plains, Park View",2005,253,12,505,47078.5,47078.5,53.7400299499772,53.7400299499772,107.267648714381,107.267648714381
2,"Columbia Heights, Mt. Pleasant, Pleasant Plains, Park View",2006,320,12,465,47138.4,47138.4,67.8852061164571,67.8852061164571,98.6456901379767,98.6456901379767
2,"Columbia Heights, Mt. Pleasant, Pleasant Plains, Park View",2007,264,7,466,47198.3,47198.3,55.934217969715,55.934217969715,98.7323695980575,98.7323695980575
2,"Columbia Heights, Mt. Pleasant, Pleasant Plains, Park View",2008,220,12,508,47258.2,47258.2,46.5527675620316,46.5527675620316,107.494572370509,107.494572370509
2,"Columbia Heights, Mt. Pleasant, Pleasant Plains, Park View",2009,203,14,444,47318.1,47318.1,42.9011308569025,42.9011308569025,93.8330152732253,93.8330152732253
2,"Columbia Heights, Mt. Pleasant, Pleasant Plains, Park View",2010,190,9,368,47378,47378,40.1030013930516,40.1030013930516,77.6731816454895,77.6731816454895
2,"Columbia Heights, Mt. Pleasant, Pleasant Plains, Park View",2011,124,7,472,47378,47437.9,26.1724851196758,26.139437032415,99.6242981974756,99.4985022524184
2,"Columbia Heights, Mt. Pleasant, Pleasant Plains, Park View",2012,116,4,399,47378,47497.8,24.4839376925999,24.4221837643007,84.2163029254084,84.0038907065169
2,"Columbia Heights, Mt. Pleasant, Pleasant Plains, Park View",2013,129,5,417,47378,47557.7,27.2278272615982,27.1249450667295,88.0155346363291,87.6829619598929
2,"Columbia Heights, Mt. Pleasant, Pleasant Plains, Park View",2014,139,7,257,47378,47617.6,29.338511545443,29.1908874029771,54.2445860948119,53.9716407378784
3,"Howard University, Le Droit Park, Cardozo/Shaw",2000,126,5,137,10128,10128,124.407582938389,124.407582938389,135.268562401264,135.268562401264
3,"Howard University, Le Droit Park, Cardozo/Shaw",2001,135,8,151,10332.6,10332.6,130.654433540445,130.654433540445,146.139403441535,146.139403441535
3,"Howard University, Le Droit Park, Cardozo/Shaw",2002,135,4,121,10537.2,10537.2,128.117526477622,128.117526477622,114.831264472535,114.831264472535
3,"Howard University, Le Droit Park, Cardozo/Shaw",2003,87,1,150,10741.8,10741.8,80.9920125118695,80.9920125118695,139.641400882534,139.641400882534
3,"Howard University, Le Droit Park, Cardozo/Shaw",2004,82,4,131,10946.4,10946.4,74.9104728495213,74.9104728495213,119.674048088869,119.674048088869
3,"Howard University, Le Droit Park, Cardozo/Shaw",2005,97,6,160,11151,11151,86.9877141063582,86.9877141063582,143.484889247601,143.484889247601
3,"Howard University, Le Droit Park, Cardozo/Shaw",2006,93,7,192,11355.6,11355.6,81.8979182077565,81.8979182077565,169.079573074078,169.079573074078
3,"Howard University, Le Droit Park, Cardozo/Shaw",2007,85,4,192,11560.2,11560.2,73.5281396515631,73.5281396515631,166.087091918825,166.087091918825
3,"Howard University, Le Droit Park, Cardozo/Shaw",2008,70,6,186,11764.8,11764.8,59.499524003808,59.499524003808,158.098735210118,158.098735210118
3,"Howard University, Le Droit Park, Cardozo/Shaw",2009,55,2,176,11969.4,11969.4,45.9505071265059,45.9505071265059,147.041622804819,147.041622804819
3,"Howard University, Le Droit Park, Cardozo/Shaw",2010,61,3,154,12174,12174,50.1067849515361,50.1067849515361,126.499096435025,126.499096435025
3,"Howard University, Le Droit Park, Cardozo/Shaw",2011,60,1,221,12174,12378.6,49.2853622474125,48.4707479036402,181.534417611303,178.533921445075
3,"Howard University, Le Droit Park, Cardozo/Shaw",2012,70,1,173,12174,12583.2,57.4995892886479,55.6297285269248,142.106127813373,137.484900502257
3,"Howard University, Le Droit Park, Cardozo/Shaw",2013,67,1,172,12174,12787.8,55.0353211762773,52.3936877336211,141.284705109249,134.503198360938
3,"Howard University, Le Droit Park, Cardozo/Shaw",2014,54,2,115,12174,12992.4,44.3568260226713,41.5627597672485,94.4636109742073,88.5132846895108
4,"Georgetown, Burleith/Hillandale",2000,35,1,78,18741,18741,18.675630969532,18.675630969532,41.6199775892428,41.6199775892428
4,"Georgetown, Burleith/Hillandale",2001,33,0,73,18913.3,18913.3,17.4480392105027,17.4480392105027,38.5971776474756,38.5971776474756
4,"Georgetown, Burleith/Hillandale",2002,38,0,66,19085.6,19085.6,19.9102988640651,19.9102988640651,34.5810453954814,34.5810453954814
4,"Georgetown, Burleith/Hillandale",2003,38,0,61,19257.9,19257.9,19.7321618660394,19.7321618660394,31.6753124691685,31.6753124691685
4,"Georgetown, Burleith/Hillandale",2004,33,1,58,19430.2,19430.2,16.9838704696812,16.9838704696812,29.8504390073185,29.8504390073185
4,"Georgetown, Burleith/Hillandale",2005,29,0,52,19602.5,19602.5,14.7940313735493,14.7940313735493,26.5272286698125,26.5272286698125
4,"Georgetown, Burleith/Hillandale",2006,31,1,55,19774.8,19774.8,15.6765175880413,15.6765175880413,27.8131763658798,27.8131763658798
4,"Georgetown, Burleith/Hillandale",2007,34,0,68,19947.1,19947.1,17.0450842478355,17.0450842478355,34.0901684956711,34.0901684956711
4,"Georgetown, Burleith/Hillandale",2008,28,0,41,20119.4,20119.4,13.9169160114119,13.9169160114119,20.3783413024245,20.3783413024245
4,"Georgetown, Burleith/Hillandale",2009,26,0,42,20291.7,20291.7,12.8131206355308,12.8131206355308,20.6981179497036,20.6981179497036
4,"Georgetown, Burleith/Hillandale",2010,37,0,52,20464,20464,18.0805316653636,18.0805316653636,25.4104769351055,25.4104769351055
4,"Georgetown, Burleith/Hillandale",2011,11,2,44,20464,20636.3,5.37529319781079,5.33041291316757,21.5011727912432,21.3216516526703
4,"Georgetown, Burleith/Hillandale",2012,10,0,32,20464,20808.6,4.88663017982799,4.80570533337178,15.6372165754496,15.3782570667897
4,"Georgetown, Burleith/Hillandale",2013,14,0,29,20464,20980.9,6.84128225175919,6.67273567864105,14.1712275215012,13.8220953343279
4,"Georgetown, Burleith/Hillandale",2014,14,1,31,20464,21153.2,6.84128225175919,6.61838397972884,15.1485535574668,14.654993097971
5,"West End, Foggy Bottom, GWU",2000,23,0,46,11723,11723,19.6195513093918,19.6195513093918,39.2391026187836,39.2391026187836
5,"West End, Foggy Bottom, GWU",2001,30,0,38,12166.7,12166.7,24.6574666918721,24.6574666918721,31.232791143038,31.232791143038
5,"West End, Foggy Bottom, GWU",2002,32,1,29,12610.4,12610.4,25.3758802258453,25.3758802258453,22.9968914546723,22.9968914546723
5,"West End, Foggy Bottom, GWU",2003,28,0,37,13054.1,13054.1,21.4491998682406,21.4491998682406,28.3435855401751,28.3435855401751
5,"West End, Foggy Bottom, GWU",2004,21,1,26,13497.8,13497.8,15.5580909481545,15.5580909481545,19.2623983167627,19.2623983167627
5,"West End, Foggy Bottom, GWU",2005,16,0,17,13941.5,13941.5,11.476526916042,11.476526916042,12.1938098482947,12.1938098482947
5,"West End, Foggy Bottom, GWU",2006,9,0,15,14385.2,14385.2,6.25643021994828,6.25643021994828,10.4273836999138,10.4273836999138
5,"West End, Foggy Bottom, GWU",2007,11,0,25,14828.9,14828.9,7.41794738652226,7.41794738652226,16.8589713330051,16.8589713330051
5,"West End, Foggy Bottom, GWU",2008,21,1,27,15272.6,15272.6,13.7501145842882,13.7501145842882,17.6787187512277,17.6787187512277
5,"West End, Foggy Bottom, GWU",2009,20,0,36,15716.3,15716.3,12.7256415314037,12.7256415314037,22.9061547565267,22.9061547565267
5,"West End, Foggy Bottom, GWU",2010,16,0,32,16160,16160,9.9009900990099,9.9009900990099,19.8019801980198,19.8019801980198
5,"West End, Foggy Bottom, GWU",2011,19,0,31,16160,16603.7,11.7574257425743,11.4432325325078,19.1831683168317,18.6705372898812
5,"West End, Foggy Bottom, GWU",2012,12,0,31,16160,17047.4,7.42574257425743,7.03919659302885,19.1831683168317,18.1845911986579
5,"West End, Foggy Bottom, GWU",2013,12,0,20,16160,17491.1,7.42574257425743,6.86063197854909,12.3762376237624,11.4343866309152
5,"West End, Foggy Bottom, GWU",2014,10,0,22,16160,17934.8,6.18811881188119,5.57575216896759,13.6138613861386,12.2666547717287
6,"Dupont Circle, Connecticut Avenue/K Street",2000,85,0,210,16930,16930,50.2067336089781,50.2067336089781,124.040165386887,124.040165386887
6,"Dupont Circle, Connecticut Avenue/K Street",2001,83,0,196,16968.8,16968.8,48.9132997029843,48.9132997029843,115.50610532271,115.50610532271
6,"Dupont Circle, Connecticut Avenue/K Street",2002,112,0,190,17007.6,17007.6,65.8529128154472,65.8529128154472,111.714762811919,111.714762811919
6,"Dupont Circle, Connecticut Avenue/K Street",2003,79,4,210,17046.4,17046.4,46.3440961141355,46.3440961141355,123.193166885677,123.193166885677
6,"Dupont Circle, Connecticut Avenue/K Street",2004,73,2,212,17085.2,17085.2,42.7270386065132,42.7270386065132,124.084002528504,124.084002528504
6,"Dupont Circle, Connecticut Avenue/K Street",2005,69,4,159,17124,17124,40.2943237561317,40.2943237561317,92.8521373510862,92.8521373510862
6,"Dupont Circle, Connecticut Avenue/K Street",2006,94,1,161,17162.8,17162.8,54.7696180110472,54.7696180110472,93.8075372316871,93.8075372316871
6,"Dupont Circle, Connecticut Avenue/K Street",2007,79,0,177,17201.6,17201.6,45.925960375779,45.925960375779,102.897404892568,102.897404892568
6,"Dupont Circle, Connecticut Avenue/K Street",2008,78,1,174,17240.4,17240.4,45.2425697779634,45.2425697779634,100.925732581611,100.925732581611
6,"Dupont Circle, Connecticut Avenue/K Street",2009,57,0,160,17279.2,17279.2,32.9876383165887,32.9876383165887,92.5968794851614,92.5968794851614
6,"Dupont Circle, Connecticut Avenue/K Street",2010,70,0,171,17318,17318,40.4203718674212,40.4203718674212,98.7411941332717,98.7411941332717
6,"Dupont Circle, Connecticut Avenue/K Street",2011,48,1,170,17318,17356.8,27.7168264233745,27.6548672566372,98.1637602494514,97.9443215339233
6,"Dupont Circle, Connecticut Avenue/K Street",2012,61,0,157,17318,17395.6,35.2234669130385,35.0663386143623,90.6571197597875,90.2527075812274
6,"Dupont Circle, Connecticut Avenue/K Street",2013,36,2,127,17318,17434.4,20.7876198175309,20.6488321938237,73.3341032451784,72.8444913504336
6,"Dupont Circle, Connecticut Avenue/K Street",2014,54,0,69,17318,17473.2,31.1814297262963,30.9044708467825,39.8429379836009,39.4890460819999
7,"Shaw, Logan Circle",2000,92,7,145,20865,20865,44.0929786724179,44.0929786724179,69.4943685597891,69.4943685597891
7,"Shaw, Logan Circle",2001,136,5,208,21168,21168,64.2479213907785,64.2479213907785,98.2615268329554,98.2615268329554
7,"Shaw, Logan Circle",2002,115,1,134,21471,21471,53.5606166457082,53.5606166457082,62.4097620045643,62.4097620045643
7,"Shaw, Logan Circle",2003,115,3,130,21774,21774,52.8152842840084,52.8152842840084,59.7042344080096,59.7042344080096
7,"Shaw, Logan Circle",2004,93,2,149,22077,22077,42.1252887620601,42.1252887620601,67.4910540381392,67.4910540381392
7,"Shaw, Logan Circle",2005,90,2,169,22380,22380,40.2144772117962,40.2144772117962,75.5138516532618,75.5138516532618
7,"Shaw, Logan Circle",2006,113,4,146,22683,22683,49.8170436009346,49.8170436009346,64.3653837675792,64.3653837675792
7,"Shaw, Logan Circle",2007,84,7,155,22986,22986,36.5439832941791,36.5439832941791,67.4323501261638,67.4323501261638
7,"Shaw, Logan Circle",2008,58,4,121,23289,23289,24.9044613336768,24.9044613336768,51.9558589892224,51.9558589892224
7,"Shaw, Logan Circle",2009,64,1,143,23592,23592,27.1278399457443,27.1278399457443,60.6137673787725,60.6137673787725
7,"Shaw, Logan Circle",2010,45,1,147,23895,23895,18.8323917137476,18.8323917137476,61.519146264909,61.519146264909
7,"Shaw, Logan Circle",2011,52,2,144,23895,24198,21.7618748692195,21.4893792875444,60.2636534839925,59.5090503347384
7,"Shaw, Logan Circle",2012,28,1,117,23895,24501,11.7179326218874,11.4281049753071,48.9642184557439,47.7531529325334
7,"Shaw, Logan Circle",2013,58,0,100,23895,24804,24.2728604310525,23.3833252701177,41.8497593638837,40.3160780519271
7,"Shaw, Logan Circle",2014,44,0,86,23895,25107,18.4138941201088,17.5249930298323,35.9907930529399,34.2533954673995
8,"Downtown, Chinatown, Penn Quarters, Mount Vernon Square, North Capitol Street",2000,214,4,322,8609,8609,248.577070507608,248.577070507608,374.027180857242,374.027180857242
8,"Downtown, Chinatown, Penn Quarters, Mount Vernon Square, North Capitol Street",2001,180,4,330,9104.1,9104.1,197.713118265397,197.713118265397,362.474050153228,362.474050153228
8,"Downtown, Chinatown, Penn Quarters, Mount Vernon Square, North Capitol Street",2002,191,12,230,9599.2,9599.2,198.974914576215,198.974914576215,239.603300275023,239.603300275023
8,"Downtown, Chinatown, Penn Quarters, Mount Vernon Square, North Capitol Street",2003,226,10,226,10094.3,10094.3,223.888729282863,223.888729282863,223.888729282863,223.888729282863
8,"Downtown, Chinatown, Penn Quarters, Mount Vernon Square, North Capitol Street",2004,162,6,175,10589.4,10589.4,152.983171851096,152.983171851096,165.259599221863,165.259599221863
8,"Downtown, Chinatown, Penn Quarters, Mount Vernon Square, North Capitol Street",2005,162,6,167,11084.5,11084.5,146.150029320222,146.150029320222,150.660832694303,150.660832694303
8,"Downtown, Chinatown, Penn Quarters, Mount Vernon Square, North Capitol Street",2006,187,3,210,11579.6,11579.6,161.490897785761,161.490897785761,181.353414625721,181.353414625721
8,"Downtown, Chinatown, Penn Quarters, Mount Vernon Square, North Capitol Street",2007,165,7,208,12074.7,12074.7,136.649357748019,136.649357748019,172.261008555078,172.261008555078
8,"Downtown, Chinatown, Penn Quarters, Mount Vernon Square, North Capitol Street",2008,137,9,236,12569.8,12569.8,108.9913920667,108.9913920667,187.751595093001,187.751595093001
8,"Downtown, Chinatown, Penn Quarters, Mount Vernon Square, North Capitol Street",2009,109,1,227,13064.9,13064.9,83.4296473757932,83.4296473757932,173.747981232156,173.747981232156
8,"Downtown, Chinatown, Penn Quarters, Mount Vernon Square, North Capitol Street",2010,93,3,248,13560,13560,68.5840707964602,68.5840707964602,182.890855457227,182.890855457227
8,"Downtown, Chinatown, Penn Quarters, Mount Vernon Square, North Capitol Street",2011,103,1,241,13560,14055.1,75.9587020648968,73.2830075915504,177.728613569322,171.468008054016
8,"Downtown, Chinatown, Penn Quarters, Mount Vernon Square, North Capitol Street",2012,99,0,225,13560,14550.2,73.0088495575221,68.0403018515209,165.929203539823,154.637049662548
8,"Downtown, Chinatown, Penn Quarters, Mount Vernon Square, North Capitol Street",2013,98,3,172,13560,15045.3,72.2713864306785,65.1366207387025,126.843657817109,114.321415990376
8,"Downtown, Chinatown, Penn Quarters, Mount Vernon Square, North Capitol Street",2014,87,1,146,13560,15540.4,64.1592920353982,55.9831149777355,107.669616519174,93.9486757097629
9,"Southwest Employment Area, Southwest/Waterfront, Fort McNair, Buzzard Point",2000,119,1,84,11779,11779,101.027251888955,101.027251888955,71.3133542745564,71.3133542745564
9,"Southwest Employment Area, Southwest/Waterfront, Fort McNair, Buzzard Point",2001,92,1,86,11759.9,11759.9,78.2319577547428,78.2319577547428,73.1298735533465,73.1298735533465
9,"Southwest Employment Area, Southwest/Waterfront, Fort McNair, Buzzard Point",2002,87,6,68,11740.8,11740.8,74.1005723630417,74.1005723630417,57.9176887435269,57.9176887435269
9,"Southwest Employment Area, Southwest/Waterfront, Fort McNair, Buzzard Point",2003,97,2,74,11721.7,11721.7,82.752501770221,82.752501770221,63.1307745463542,63.1307745463542
9,"Southwest Employment Area, Southwest/Waterfront, Fort McNair, Buzzard Point",2004,102,2,47,11702.6,11702.6,87.1601182643173,87.1601182643173,40.162015278656,40.162015278656
9,"Southwest Employment Area, Southwest/Waterfront, Fort McNair, Buzzard Point",2005,90,2,60,11683.5,11683.5,77.0317113878547,77.0317113878547,51.3544742585698,51.3544742585698
9,"Southwest Employment Area, Southwest/Waterfront, Fort McNair, Buzzard Point",2006,107,5,81,11664.4,11664.4,91.7321079524022,91.7321079524022,69.4420630293886,69.4420630293886
9,"Southwest Employment Area, Southwest/Waterfront, Fort McNair, Buzzard Point",2007,92,4,98,11645.3,11645.3,79.0018290640859,79.0018290640859,84.1541222639176,84.1541222639176
9,"Southwest Employment Area, Southwest/Waterfront, Fort McNair, Buzzard Point",2008,69,2,75,11626.2,11626.2,59.348712390979,59.348712390979,64.5094699901946,64.5094699901946
9,"Southwest Employment Area, Southwest/Waterfront, Fort McNair, Buzzard Point",2009,51,3,59,11607.1,11607.1,43.9386237733801,43.9386237733801,50.8309569143025,50.8309569143025
9,"Southwest Employment Area, Southwest/Waterfront, Fort McNair, Buzzard Point",2010,47,3,55,11588,11588,40.5591991715568,40.5591991715568,47.4628926475664,47.4628926475664
9,"Southwest Employment Area, Southwest/Waterfront, Fort McNair, Buzzard Point",2011,48,0,71,11588,11568.9,41.422160856058,41.4905479345487,61.2702795995858,61.3714354865199
9,"Southwest Employment Area, Southwest/Waterfront, Fort McNair, Buzzard Point",2012,36,2,59,11588,11549.8,31.0666206420435,31.1693708981974,50.9147393855713,51.0831356387124
9,"Southwest Employment Area, Southwest/Waterfront, Fort McNair, Buzzard Point",2013,43,3,43,11588,11530.7,37.107352433552,37.2917515848994,37.107352433552,37.2917515848994
9,"Southwest Employment Area, Southwest/Waterfront, Fort McNair, Buzzard Point",2014,39,1,38,11588,11511.6,33.6555056955471,33.8788700093818,32.7925440110459,33.0101810347823
10,"Hawthorne, Barnaby Woods, Chevy Chase",2000,1,0,17,12724,12724,0.785916378497328,0.785916378497328,13.3605784344546,13.3605784344546
10,"Hawthorne, Barnaby Woods, Chevy Chase",2001,5,0,32,12650.2,12650.2,3.95250667973629,3.95250667973629,25.2960427503122,25.2960427503122
10,"Hawthorne, Barnaby Woods, Chevy Chase",2002,8,0,17,12576.4,12576.4,6.36112082949016,6.36112082949016,13.5173817626666,13.5173817626666
10,"Hawthorne, Barnaby Woods, Chevy Chase",2003,5,1,19,12502.6,12502.6,3.99916817302001,3.99916817302001,15.196839057476,15.196839057476
10,"Hawthorne, Barnaby Woods, Chevy Chase",2004,7,0,19,12428.8,12428.8,5.63208032955716,5.63208032955716,15.2870751802266,15.2870751802266
10,"Hawthorne, Barnaby Woods, Chevy Chase",2005,2,0,9,12355,12355,1.61877782274383,1.61877782274383,7.28450020234723,7.28450020234723
10,"Hawthorne, Barnaby Woods, Chevy Chase",2006,4,1,11,12281.2,12281.2,3.25701071556525,3.25701071556525,8.95677946780445,8.95677946780445
10,"Hawthorne, Barnaby Woods, Chevy Chase",2007,5,0,11,12207.4,12207.4,4.09587627176958,4.09587627176958,9.01092779789308,9.01092779789308
10,"Hawthorne, Barnaby Woods, Chevy Chase",2008,0,1,10,12133.6,12133.6,0,0,8.24157710819542,8.24157710819542
10,"Hawthorne, Barnaby Woods, Chevy Chase",2009,3,0,12,12059.8,12059.8,2.48760344284317,2.48760344284317,9.95041377137266,9.95041377137266
10,"Hawthorne, Barnaby Woods, Chevy Chase",2010,5,0,5,11986,11986,4.17153345569831,4.17153345569831,4.17153345569831,4.17153345569831
10,"Hawthorne, Barnaby Woods, Chevy Chase",2011,5,0,13,11986,11912.2,4.17153345569831,4.1973774785514,10.8459869848156,10.9131814442336
10,"Hawthorne, Barnaby Woods, Chevy Chase",2012,0,0,9,11986,11838.4,0,0,7.50876022025697,7.6023786998243
10,"Hawthorne, Barnaby Woods, Chevy Chase",2013,0,0,6,11986,11764.6,0,0,5.00584014683798,5.1000459004131
10,"Hawthorne, Barnaby Woods, Chevy Chase",2014,2,0,14,11986,11690.8,1.66861338227933,1.71074691210182,11.6802936759553,11.9752283847128
11,"Friendship Heights, American University Park, Tenleytown",2000,19,0,41,10490,10490,18.1124880838894,18.1124880838894,39.0848427073403,39.0848427073403
11,"Friendship Heights, American University Park, Tenleytown",2001,21,0,43,10662.6,10662.6,19.6950087220753,19.6950087220753,40.3278750023446,40.3278750023446
11,"Friendship Heights, American University Park, Tenleytown",2002,18,0,29,10835.2,10835.2,16.6125221500295,16.6125221500295,26.764619019492,26.764619019492
11,"Friendship Heights, American University Park, Tenleytown",2003,14,0,27,11007.8,11007.8,12.7182543287487,12.7182543287487,24.5280619197296,24.5280619197296
11,"Friendship Heights, American University Park, Tenleytown",2004,12,0,30,11180.4,11180.4,10.7330685843083,10.7330685843083,26.8326714607706,26.8326714607706
11,"Friendship Heights, American University Park, Tenleytown",2005,14,0,27,11353,11353,12.3315423236149,12.3315423236149,23.782260195543,23.782260195543
11,"Friendship Heights, American University Park, Tenleytown",2006,15,1,28,11525.6,11525.6,13.0145068369543,13.0145068369543,24.2937460956479,24.2937460956479
11,"Friendship Heights, American University Park, Tenleytown",2007,8,0,32,11698.2,11698.2,6.83865893898207,6.83865893898207,27.3546357559283,27.3546357559283
11,"Friendship Heights, American University Park, Tenleytown",2008,9,2,30,11870.8,11870.8,7.58162887084274,7.58162887084274,25.2720962361425,25.2720962361425
11,"Friendship Heights, American University Park, Tenleytown",2009,14,0,27,12043.4,12043.4,11.6246242755368,11.6246242755368,22.4189182456781,22.4189182456781
11,"Friendship Heights, American University Park, Tenleytown",2010,9,0,38,12216,12216,7.36738703339882,7.36738703339882,31.1067452521284,31.1067452521284
11,"Friendship Heights, American University Park, Tenleytown",2011,6,0,27,12216,12388.6,4.91159135559921,4.84316226207965,22.1021611001965,21.7942301793584
11,"Friendship Heights, American University Park, Tenleytown",2012,6,0,27,12216,12561.2,4.91159135559921,4.77661369932809,22.1021611001965,21.4947616469764
11,"Friendship Heights, American University Park, Tenleytown",2013,5,0,14,12216,12733.8,4.09299279633268,3.92655766542587,11.4603798297315,10.9943614631924
11,"Friendship Heights, American University Park, Tenleytown",2014,6,0,24,12216,12906.4,4.91159135559921,4.64885638133019,19.6463654223969,18.5954255253208
12,"North Cleveland Park, Forest Hills, Van Ness",2000,5,1,9,14953,14953,3.34381060656724,3.34381060656724,6.01885909182104,6.01885909182104
12,"North Cleveland Park, Forest Hills, Van Ness",2001,3,0,21,15012.7,15012.7,1.99830809914273,1.99830809914273,13.9881566939991,13.9881566939991
12,"North Cleveland Park, Forest Hills, Van Ness",2002,7,1,13,15072.4,15072.4,4.64425041798254,4.64425041798254,8.625036490539,8.625036490539
12,"North Cleveland Park, Forest Hills, Van Ness",2003,2,0,10,15132.1,15132.1,1.32169361820236,1.32169361820236,6.60846809101182,6.60846809101182
12,"North Cleveland Park, Forest Hills, Van Ness",2004,1,0,7,15191.8,15191.8,0.658249845311286,0.658249845311286,4.607748917179,4.607748917179
12,"North Cleveland Park, Forest Hills, Van Ness",2005,3,0,12,15251.5,15251.5,1.96701963741271,1.96701963741271,7.86807854965085,7.86807854965085
12,"North Cleveland Park, Forest Hills, Van Ness",2006,4,0,11,15311.2,15311.2,2.61246669104969,2.61246669104969,7.18428340038664,7.18428340038664
12,"North Cleveland Park, Forest Hills, Van Ness",2007,4,0,8,15370.9,15370.9,2.6023199682517,2.6023199682517,5.20463993650339,5.20463993650339
12,"North Cleveland Park, Forest Hills, Van Ness",2008,3,0,5,15430.6,15430.6,1.94418881961816,1.94418881961816,3.2403146993636,3.2403146993636
12,"North Cleveland Park, Forest Hills, Van Ness",2009,9,0,6,15490.3,15490.3,5.81008760320975,5.81008760320975,3.87339173547317,3.87339173547317
12,"North Cleveland Park, Forest Hills, Van Ness",2010,4,0,9,15550,15550,2.57234726688103,2.57234726688103,5.78778135048232,5.78778135048232
12,"North Cleveland Park, Forest Hills, Van Ness",2011,1,0,4,15550,15609.7,0.643086816720257,0.640627302254367,2.57234726688103,2.56250920901747
12,"North Cleveland Park, Forest Hills, Van Ness",2012,1,0,3,15550,15669.4,0.643086816720257,0.638186529158743,1.92926045016077,1.91455958747623
12,"North Cleveland Park, Forest Hills, Van Ness",2013,4,0,8,15550,15729.1,2.57234726688103,2.54305713613621,5.14469453376206,5.08611427227241
12,"North Cleveland Park, Forest Hills, Van Ness",2014,2,0,4,15550,15788.8,1.28617363344051,1.26672071341711,2.57234726688103,2.53344142683421
13,"Spring Valley, Palisades, Wesley Heights, Foxhall Crescent, Foxhall Village, Georgetown Reservoir",2000,5,0,5,18708,18708,2.67265341030575,2.67265341030575,2.67265341030575,2.67265341030575
13,"Spring Valley, Palisades, Wesley Heights, Foxhall Crescent, Foxhall Village, Georgetown Reservoir",2001,10,0,7,18693,18693,5.34959610549403,5.34959610549403,3.74471727384582,3.74471727384582
13,"Spring Valley, Palisades, Wesley Heights, Foxhall Crescent, Foxhall Village, Georgetown Reservoir",2002,8,0,2,18678,18678,4.28311382374987,4.28311382374987,1.07077845593747,1.07077845593747
13,"Spring Valley, Palisades, Wesley Heights, Foxhall Crescent, Foxhall Village, Georgetown Reservoir",2003,3,0,2,18663,18663,1.60745860794085,1.60745860794085,1.07163907196056,1.07163907196056
13,"Spring Valley, Palisades, Wesley Heights, Foxhall Crescent, Foxhall Village, Georgetown Reservoir",2004,3,0,3,18648,18648,1.60875160875161,1.60875160875161,1.60875160875161,1.60875160875161
13,"Spring Valley, Palisades, Wesley Heights, Foxhall Crescent, Foxhall Village, Georgetown Reservoir",2005,5,0,4,18633,18633,2.68341115225675,2.68341115225675,2.1467289218054,2.1467289218054
13,"Spring Valley, Palisades, Wesley Heights, Foxhall Crescent, Foxhall Village, Georgetown Reservoir",2006,3,0,8,18618,18618,1.61134386077989,1.61134386077989,4.29691696207971,4.29691696207971
13,"Spring Valley, Palisades, Wesley Heights, Foxhall Crescent, Foxhall Village, Georgetown Reservoir",2007,3,0,10,18603,18603,1.61264312207708,1.61264312207708,5.37547707359028,5.37547707359028
13,"Spring Valley, Palisades, Wesley Heights, Foxhall Crescent, Foxhall Village, Georgetown Reservoir",2008,2,0,3,18588,18588,1.07596298687325,1.07596298687325,1.61394448030988,1.61394448030988
13,"Spring Valley, Palisades, Wesley Heights, Foxhall Crescent, Foxhall Village, Georgetown Reservoir",2009,1,0,8,18573,18573,0.538415980186292,0.538415980186292,4.30732784149034,4.30732784149034
13,"Spring Valley, Palisades, Wesley Heights, Foxhall Crescent, Foxhall Village, Georgetown Reservoir",2010,2,0,5,18558,18558,1.07770233861407,1.07770233861407,2.69425584653519,2.69425584653519
13,"Spring Valley, Palisades, Wesley Heights, Foxhall Crescent, Foxhall Village, Georgetown Reservoir",2011,1,0,4,18558,18543,0.538851169307037,0.539287062503371,2.15540467722815,2.15714825001348
13,"Spring Valley, Palisades, Wesley Heights, Foxhall Crescent, Foxhall Village, Georgetown Reservoir",2012,5,0,3,18558,18528,2.69425584653519,2.6986183074266,1.61655350792111,1.61917098445596
13,"Spring Valley, Palisades, Wesley Heights, Foxhall Crescent, Foxhall Village, Georgetown Reservoir",2013,5,0,0,18558,18513,2.69425584653519,2.70080483984227,0,0
13,"Spring Valley, Palisades, Wesley Heights, Foxhall Crescent, Foxhall Village, Georgetown Reservoir",2014,0,0,2,18558,18498,0,0,1.07770233861407,1.08119796734782
14,"Cathedral Heights, McLean Gardens, Glover Park",2000,16,1,16,11142,11142,14.3600789804344,14.3600789804344,14.3600789804344,14.3600789804344
14,"Cathedral Heights, McLean Gardens, Glover Park",2001,7,0,12,11199.1,11199.1,6.25050227250404,6.25050227250404,10.7151467528641,10.7151467528641
14,"Cathedral Heights, McLean Gardens, Glover Park",2002,10,1,17,11256.2,11256.2,8.8839928217338,8.8839928217338,15.1027877969475,15.1027877969475
14,"Cathedral Heights, McLean Gardens, Glover Park",2003,7,0,9,11313.3,11313.3,6.187407741331,6.187407741331,7.95523852456843,7.95523852456843
14,"Cathedral Heights, McLean Gardens, Glover Park",2004,15,1,14,11370.4,11370.4,13.1921480334905,13.1921480334905,12.3126714979244,12.3126714979244
14,"Cathedral Heights, McLean Gardens, Glover Park",2005,6,0,17,11427.5,11427.5,5.2504922336469,5.2504922336469,14.8763946619996,14.8763946619996
14,"Cathedral Heights, McLean Gardens, Glover Park",2006,5,0,6,11484.6,11484.6,4.35365620047716,4.35365620047716,5.22438744057259,5.22438744057259
14,"Cathedral Heights, McLean Gardens, Glover Park",2007,9,0,15,11541.7,11541.7,7.79781141426306,7.79781141426306,12.9963523571051,12.9963523571051
14,"Cathedral Heights, McLean Gardens, Glover Park",2008,9,0,12,11598.8,11598.8,7.75942338862641,7.75942338862641,10.3458978515019,10.3458978515019
14,"Cathedral Heights, McLean Gardens, Glover Park",2009,11,0,10,11655.9,11655.9,9.43728069046577,9.43728069046577,8.57934608224161,8.57934608224161
14,"Cathedral Heights, McLean Gardens, Glover Park",2010,7,1,7,11713,11713,5.97626568769743,5.97626568769743,5.97626568769743,5.97626568769743
14,"Cathedral Heights, McLean Gardens, Glover Park",2011,8,0,10,11713,11770.1,6.83001792879706,6.79688362885617,8.53752241099633,8.49610453607021
14,"Cathedral Heights, McLean Gardens, Glover Park",2012,5,0,10,11713,11827.2,4.26876120549816,4.22754329004329,8.53752241099633,8.45508658008658
14,"Cathedral Heights, McLean Gardens, Glover Park",2013,1,0,7,11713,11884.3,0.853752241099633,0.84144627786239,5.97626568769743,5.89012394503673
14,"Cathedral Heights, McLean Gardens, Glover Park",2014,7,1,5,11713,11941.4,5.97626568769743,5.86195923426064,4.26876120549816,4.1871137387576
15,"Cleveland Park, Woodley Park, Massachusetts Avenue Heights, Woodland-Normanstone Terrace",2000,10,0,29,12306,12306,8.12611734113441,8.12611734113441,23.5657402892898,23.5657402892898
15,"Cleveland Park, Woodley Park, Massachusetts Avenue Heights, Woodland-Normanstone Terrace",2001,15,0,51,12358.3,12358.3,12.1375917399642,12.1375917399642,41.2678119158784,41.2678119158784
15,"Cleveland Park, Woodley Park, Massachusetts Avenue Heights, Woodland-Normanstone Terrace",2002,12,0,36,12410.6,12410.6,9.669153787891,9.669153787891,29.007461363673,29.007461363673
15,"Cleveland Park, Woodley Park, Massachusetts Avenue Heights, Woodland-Normanstone Terrace",2003,8,0,25,12462.9,12462.9,6.41905174558088,6.41905174558088,20.0595367049403,20.0595367049403
15,"Cleveland Park, Woodley Park, Massachusetts Avenue Heights, Woodland-Normanstone Terrace",2004,6,1,28,12515.2,12515.2,4.79417028892866,4.79417028892866,22.3727946816671,22.3727946816671
15,"Cleveland Park, Woodley Park, Massachusetts Avenue Heights, Woodland-Normanstone Terrace",2005,13,0,22,12567.5,12567.5,10.3441416351701,10.3441416351701,17.5054704595186,17.5054704595186
15,"Cleveland Park, Woodley Park, Massachusetts Avenue Heights, Woodland-Normanstone Terrace",2006,3,0,28,12619.8,12619.8,2.37721675462369,2.37721675462369,22.1873563764877,22.1873563764877
15,"Cleveland Park, Woodley Park, Massachusetts Avenue Heights, Woodland-Normanstone Terrace",2007,4,0,17,12672.1,12672.1,3.15654074699537,3.15654074699537,13.4152981747303,13.4152981747303
15,"Cleveland Park, Woodley Park, Massachusetts Avenue Heights, Woodland-Normanstone Terrace",2008,12,0,19,12724.4,12724.4,9.43070007230203,9.43070007230203,14.9319417811449,14.9319417811449
15,"Cleveland Park, Woodley Park, Massachusetts Avenue Heights, Woodland-Normanstone Terrace",2009,4,0,29,12776.7,12776.7,3.13069885025085,3.13069885025085,22.6975666643186,22.6975666643186
15,"Cleveland Park, Woodley Park, Massachusetts Avenue Heights, Woodland-Normanstone Terrace",2010,6,0,23,12829,12829,4.67690388962507,4.67690388962507,17.9281315768961,17.9281315768961
15,"Cleveland Park, Woodley Park, Massachusetts Avenue Heights, Woodland-Normanstone Terrace",2011,4,0,24,12829,12881.3,3.11793592641671,3.10527664133279,18.7076155585003,18.6316598479967
15,"Cleveland Park, Woodley Park, Massachusetts Avenue Heights, Woodland-Normanstone Terrace",2012,4,1,21,12829,12933.6,3.11793592641671,3.09271973773737,16.3691636136877,16.2367786231212
15,"Cleveland Park, Woodley Park, Massachusetts Avenue Heights, Woodland-Normanstone Terrace",2013,2,0,18,12829,12985.9,1.55896796320836,1.54013198931148,14.0307116688752,13.8611879038034
15,"Cleveland Park, Woodley Park, Massachusetts Avenue Heights, Woodland-Normanstone Terrace",2014,7,0,15,12829,13038.2,5.45638787122925,5.36883925695265,11.6922597240627,11.5046555506128
16,"Colonial Village, Shepherd Park, North Portal Estates",2000,6,0,12,4030,4030,14.8883374689826,14.8883374689826,29.7766749379653,29.7766749379653
16,"Colonial Village, Shepherd Park, North Portal Estates",2001,10,0,21,4022.7,4022.7,24.8589255972357,24.8589255972357,52.2037437541949,52.2037437541949
16,"Colonial Village, Shepherd Park, North Portal Estates",2002,2,0,6,4015.4,4015.4,4.98082382826119,4.98082382826119,14.9424714847836,14.9424714847836
16,"Colonial Village, Shepherd Park, North Portal Estates",2003,6,0,15,4008.1,4008.1,14.9696863850702,14.9696863850702,37.4242159626756,37.4242159626756
16,"Colonial Village, Shepherd Park, North Portal Estates",2004,8,0,9,4000.8,4000.8,19.99600079984,19.99600079984,22.49550089982,22.49550089982
16,"Colonial Village, Shepherd Park, North Portal Estates",2005,6,0,11,3993.5,3993.5,15.024414673845,15.024414673845,27.5447602353825,27.5447602353825
16,"Colonial Village, Shepherd Park, North Portal Estates",2006,5,1,12,3986.2,3986.2,12.5432742963223,12.5432742963223,30.1038583111735,30.1038583111735
16,"Colonial Village, Shepherd Park, North Portal Estates",2007,6,1,12,3978.9,3978.9,15.0795445977531,15.0795445977531,30.1590891955063,30.1590891955063
16,"Colonial Village, Shepherd Park, North Portal Estates",2008,5,0,19,3971.6,3971.6,12.5893846308792,12.5893846308792,47.8396615973411,47.8396615973411
16,"Colonial Village, Shepherd Park, North Portal Estates",2009,2,0,10,3964.3,3964.3,5.04502686476805,5.04502686476805,25.2251343238403,25.2251343238403
16,"Colonial Village, Shepherd Park, North Portal Estates",2010,0,0,15,3957,3957,0,0,37.9075056861259,37.9075056861259
16,"Colonial Village, Shepherd Park, North Portal Estates",2011,4,0,10,3957,3949.7,10.1086681829669,10.1273514444135,25.2716704574172,25.3183786110338
16,"Colonial Village, Shepherd Park, North Portal Estates",2012,9,1,12,3957,3942.4,22.7445034116755,22.8287337662338,30.3260045489007,30.4383116883117
16,"Colonial Village, Shepherd Park, North Portal Estates",2013,9,0,11,3957,3935.1,22.7445034116755,22.8710833269803,27.798837503159,27.9535462885314
16,"Colonial Village, Shepherd Park, North Portal Estates",2014,3,0,11,3957,3927.8,7.58150113722517,7.63786343500178,27.798837503159,28.0054992616732
17,"Takoma, Brightwood, Manor Park",2000,64,9,90,18441,18441,34.7052762865354,34.7052762865354,48.8042947779405,48.8042947779405
17,"Takoma, Brightwood, Manor Park",2001,92,2,95,18542.4,18542.4,49.6160151868151,49.6160151868151,51.2339287255156,51.2339287255156
17,"Takoma, Brightwood, Manor Park",2002,101,10,133,18643.8,18643.8,54.1735054012594,54.1735054012594,71.3373883006683,71.3373883006683
17,"Takoma, Brightwood, Manor Park",2003,101,4,169,18745.2,18745.2,53.8804600644432,53.8804600644432,90.1564133751574,90.1564133751574
17,"Takoma, Brightwood, Manor Park",2004,102,4,112,18846.6,18846.6,54.121167743784,54.121167743784,59.4271645814099,59.4271645814099
17,"Takoma, Brightwood, Manor Park",2005,88,2,109,18948,18948,46.4428963478995,46.4428963478995,57.5258602491028,57.5258602491028
17,"Takoma, Brightwood, Manor Park",2006,68,2,134,19049.4,19049.4,35.6966623620691,35.6966623620691,70.3434228899598,70.3434228899598
17,"Takoma, Brightwood, Manor Park",2007,81,1,156,19150.8,19150.8,42.2958832007018,42.2958832007018,81.4587380161664,81.4587380161664
17,"Takoma, Brightwood, Manor Park",2008,55,4,145,19252.2,19252.2,28.5681636384413,28.5681636384413,75.3160677740726,75.3160677740726
17,"Takoma, Brightwood, Manor Park",2009,58,1,157,19353.6,19353.6,29.9685846560847,29.9685846560847,81.1218584656085,81.1218584656085
17,"Takoma, Brightwood, Manor Park",2010,58,3,102,19455,19455,29.8123875610383,29.8123875610383,52.4286815728604,52.4286815728604
17,"Takoma, Brightwood, Manor Park",2011,51,1,107,19455,19556.4,26.2143407864302,26.078419340983,54.9987149832948,54.7135464604937
17,"Takoma, Brightwood, Manor Park",2012,54,0,131,19455,19657.8,27.7563608326908,27.4700119036718,67.3348753533796,66.6402140626113
17,"Takoma, Brightwood, Manor Park",2013,48,2,108,19455,19759.2,24.6723207401696,24.2924814769829,55.5127216653816,54.6580833232115
17,"Takoma, Brightwood, Manor Park",2014,46,1,82,19455,19860.6,23.6443073759959,23.1614352033675,42.1485479311231,41.2877757973072
18,"Brightwood Park, Crestwood, Petworth",2000,187,11,208,39233,39233,47.6639563632656,47.6639563632656,53.0165931741136,53.0165931741136
18,"Brightwood Park, Crestwood, Petworth",2001,219,8,190,39302.1,39302.1,55.7222133168457,55.7222133168457,48.3434727406424,48.3434727406424
18,"Brightwood Park, Crestwood, Petworth",2002,250,13,214,39371.2,39371.2,63.4981915715041,63.4981915715041,54.3544519852075,54.3544519852075
18,"Brightwood Park, Crestwood, Petworth",2003,238,9,245,39440.3,39440.3,60.3443685773181,60.3443685773181,62.1192029472392,62.1192029472392
18,"Brightwood Park, Crestwood, Petworth",2004,225,11,225,39509.4,39509.4,56.94847302161,56.94847302161,56.94847302161,56.94847302161
18,"Brightwood Park, Crestwood, Petworth",2005,210,3,217,39578.5,39578.5,53.0591103755827,53.0591103755827,54.8277473881021,54.8277473881021
18,"Brightwood Park, Crestwood, Petworth",2006,205,3,216,39647.6,39647.6,51.7055256812518,51.7055256812518,54.4799685226849,54.4799685226849
18,"Brightwood Park, Crestwood, Petworth",2007,202,10,332,39716.7,39716.7,50.8602174903756,50.8602174903756,83.592040627746,83.592040627746
18,"Brightwood Park, Crestwood, Petworth",2008,206,9,269,39785.8,39785.8,51.7772672662106,51.7772672662106,67.6120625951973,67.6120625951973
18,"Brightwood Park, Crestwood, Petworth",2009,196,14,261,39854.9,39854.9,49.1783946265077,49.1783946265077,65.4875561097883,65.4875561097883
18,"Brightwood Park, Crestwood, Petworth",2010,177,6,268,39924,39924,44.3342350465885,44.3342350465885,67.1275423304278,67.1275423304278
18,"Brightwood Park, Crestwood, Petworth",2011,112,9,176,39924,39993.1,28.0533012724176,28.0048308333187,44.0837591423705,44.0075913095009
18,"Brightwood Park, Crestwood, Petworth",2012,128,2,260,39924,40062.2,32.0609157399058,31.9503172566659,65.1237350966837,64.8990819276026
18,"Brightwood Park, Crestwood, Petworth",2013,113,6,250,39924,40131.3,28.3037771766356,28.157572767391,62.6189760545036,62.2955149721041
18,"Brightwood Park, Crestwood, Petworth",2014,123,7,211,39924,40200.4,30.8085362188157,30.5967104804927,52.850415790001,52.4870399299509
19,"Lamont Riggs, Queens Chapel, Fort Totten, Pleasant Hill",2000,34,2,48,12069,12069,28.1713480818626,28.1713480818626,39.7713149391002,39.7713149391002
19,"Lamont Riggs, Queens Chapel, Fort Totten, Pleasant Hill",2001,50,4,60,12182.7,12182.7,41.0418051827592,41.0418051827592,49.250166219311,49.250166219311
19,"Lamont Riggs, Queens Chapel, Fort Totten, Pleasant Hill",2002,43,1,67,12296.4,12296.4,34.9695845938649,34.9695845938649,54.4874922741615,54.4874922741615
19,"Lamont Riggs, Queens Chapel, Fort Totten, Pleasant Hill",2003,75,4,86,12410.1,12410.1,60.4346459738439,60.4346459738439,69.2983940500077,69.2983940500077
19,"Lamont Riggs, Queens Chapel, Fort Totten, Pleasant Hill",2004,48,2,49,12523.8,12523.8,38.3270253437455,38.3270253437455,39.1255050384069,39.1255050384069
19,"Lamont Riggs, Queens Chapel, Fort Totten, Pleasant Hill",2005,60,4,55,12637.5,12637.5,47.4777448071217,47.4777448071217,43.5212660731949,43.5212660731949
19,"Lamont Riggs, Queens Chapel, Fort Totten, Pleasant Hill",2006,39,3,89,12751.2,12751.2,30.5853566723132,30.5853566723132,69.797352406048,69.797352406048
19,"Lamont Riggs, Queens Chapel, Fort Totten, Pleasant Hill",2007,46,0,92,12864.9,12864.9,35.7562048675077,35.7562048675077,71.5124097350154,71.5124097350154
19,"Lamont Riggs, Queens Chapel, Fort Totten, Pleasant Hill",2008,66,3,68,12978.6,12978.6,50.8529425361749,50.8529425361749,52.3939407948469,52.3939407948469
19,"Lamont Riggs, Queens Chapel, Fort Totten, Pleasant Hill",2009,51,2,85,13092.3,13092.3,38.954194450173,38.954194450173,64.923657416955,64.923657416955
19,"Lamont Riggs, Queens Chapel, Fort Totten, Pleasant Hill",2010,34,1,52,13206,13206,25.7458730879903,25.7458730879903,39.3760411933969,39.3760411933969
19,"Lamont Riggs, Queens Chapel, Fort Totten, Pleasant Hill",2011,25,3,45,13206,13319.7,18.930789035287,18.769191498307,34.0754202635166,33.7845446969526
19,"Lamont Riggs, Queens Chapel, Fort Totten, Pleasant Hill",2012,38,2,42,13206,13433.4,28.7747993336362,28.2877008054551,31.8037255792821,31.2653535218188
19,"Lamont Riggs, Queens Chapel, Fort Totten, Pleasant Hill",2013,32,1,57,13206,13547.1,24.2314099651673,23.6212916417536,43.1621990004543,42.0754257368736
19,"Lamont Riggs, Queens Chapel, Fort Totten, Pleasant Hill",2014,42,0,58,13206,13660.8,31.8037255792821,30.744905130007,43.9194305618658,42.4572499414383
20,"North Michigan Park, Michigan Park, University Heights",2000,26,1,57,9576,9576,27.1512113617377,27.1512113617377,59.5238095238095,59.5238095238095
20,"North Michigan Park, Michigan Park, University Heights",2001,26,1,63,9505.9,9505.9,27.3514343723372,27.3514343723372,66.2746294406632,66.2746294406632
20,"North Michigan Park, Michigan Park, University Heights",2002,21,3,54,9435.8,9435.8,22.2556645965366,22.2556645965366,57.2288518196655,57.2288518196655
20,"North Michigan Park, Michigan Park, University Heights",2003,28,1,54,9365.7,9365.7,29.896323819896,29.896323819896,57.6571959383709,57.6571959383709
20,"North Michigan Park, Michigan Park, University Heights",2004,30,1,39,9295.6,9295.6,32.2733336202074,32.2733336202074,41.9553337062696,41.9553337062696
20,"North Michigan Park, Michigan Park, University Heights",2005,28,8,65,9225.5,9225.5,30.3506585008943,30.3506585008943,70.4568858056474,70.4568858056474
20,"North Michigan Park, Michigan Park, University Heights",2006,30,0,83,9155.4,9155.4,32.76754702143,32.76754702143,90.6568800926229,90.6568800926229
20,"North Michigan Park, Michigan Park, University Heights",2007,25,2,64,9085.3,9085.3,27.5169779754108,27.5169779754108,70.4434636170517,70.4434636170517
20,"North Michigan Park, Michigan Park, University Heights",2008,19,3,47,9015.2,9015.2,21.075516904783,21.075516904783,52.1341733960422,52.1341733960422
20,"North Michigan Park, Michigan Park, University Heights",2009,26,2,41,8945.1,8945.1,29.0661926641401,29.0661926641401,45.8351499703748,45.8351499703748
20,"North Michigan Park, Michigan Park, University Heights",2010,21,1,50,8875,8875,23.6619718309859,23.6619718309859,56.3380281690141,56.3380281690141
20,"North Michigan Park, Michigan Park, University Heights",2011,13,1,54,8875,8804.9,14.6478873239437,14.76450612727,60.8450704225352,61.3294869901986
20,"North Michigan Park, Michigan Park, University Heights",2012,20,2,41,8875,8734.8,22.5352112676056,22.8969180748271,46.1971830985916,46.9386820533956
20,"North Michigan Park, Michigan Park, University Heights",2013,19,1,47,8875,8664.7,21.4084507042254,21.9280529043129,52.9577464788732,54.2430782369845
20,"North Michigan Park, Michigan Park, University Heights",2014,14,1,37,8875,8594.6,15.7746478873239,16.2892979312592,41.6901408450704,43.0502873897564
21,"Edgewood, Bloomingdale, Truxton Circle, Eckington",2000,174,12,158,18429,18429,94.4164089207228,94.4164089207228,85.7344402843345,85.7344402843345
21,"Edgewood, Bloomingdale, Truxton Circle, Eckington",2001,187,23,181,18534.2,18534.2,100.894562484488,100.894562484488,97.6573037951463,97.6573037951463
21,"Edgewood, Bloomingdale, Truxton Circle, Eckington",2002,182,14,153,18639.4,18639.4,97.6426279815874,97.6426279815874,82.0841872592465,82.0841872592465
21,"Edgewood, Bloomingdale, Truxton Circle, Eckington",2003,176,14,165,18744.6,18744.6,93.8937080545864,93.8937080545864,88.0253513011748,88.0253513011748
21,"Edgewood, Bloomingdale, Truxton Circle, Eckington",2004,168,10,142,18849.8,18849.8,89.1256140648707,89.1256140648707,75.3323642691169,75.3323642691169
21,"Edgewood, Bloomingdale, Truxton Circle, Eckington",2005,145,13,169,18955,18955,76.4969664996043,76.4969664996043,89.1585333685044,89.1585333685044
21,"Edgewood, Bloomingdale, Truxton Circle, Eckington",2006,172,8,159,19060.2,19060.2,90.2403962182978,90.2403962182978,83.4199011552869,83.4199011552869
21,"Edgewood, Bloomingdale, Truxton Circle, Eckington",2007,130,3,157,19165.4,19165.4,67.8305696724305,67.8305696724305,81.9184572197815,81.9184572197815
21,"Edgewood, Bloomingdale, Truxton Circle, Eckington",2008,95,9,189,19270.6,19270.6,49.2978942015298,49.2978942015298,98.0768632009382,98.0768632009382
21,"Edgewood, Bloomingdale, Truxton Circle, Eckington",2009,103,7,204,19375.8,19375.8,53.1590953663849,53.1590953663849,105.285975288762,105.285975288762
21,"Edgewood, Bloomingdale, Truxton Circle, Eckington",2010,90,4,185,19481,19481,46.1988604281094,46.1988604281094,94.9643242133361,94.9643242133361
21,"Edgewood, Bloomingdale, Truxton Circle, Eckington",2011,88,8,170,19481,19586.2,45.1722190852626,44.9295932850681,87.2645141419845,86.7958052097906
21,"Edgewood, Bloomingdale, Truxton Circle, Eckington",2012,84,4,171,19481,19691.4,43.1189363995688,42.6582162771565,87.7778348134079,86.8399402784972
21,"Edgewood, Bloomingdale, Truxton Circle, Eckington",2013,65,7,153,19481,19796.6,33.3658436425235,32.8339209763293,78.538062727786,77.2859986058212
21,"Edgewood, Bloomingdale, Truxton Circle, Eckington",2014,80,6,150,19481,19901.8,41.0656537138751,40.1973690821936,76.9981007135157,75.3700670291129
22,"Brookland, Brentwood, Langdon",2000,108,13,116,8906,8906,121.266561868403,121.266561868403,130.249270154952,130.249270154952
22,"Brookland, Brentwood, Langdon",2001,102,12,94,8861.3,8861.3,115.107264171171,115.107264171171,106.079243451864,106.079243451864
22,"Brookland, Brentwood, Langdon",2002,104,11,101,8816.6,8816.6,117.959304040106,117.959304040106,114.55663180818,114.55663180818
22,"Brookland, Brentwood, Langdon",2003,114,9,108,8771.9,8771.9,129.960441865502,129.960441865502,123.120418609423,123.120418609423
22,"Brookland, Brentwood, Langdon",2004,98,6,83,8727.2,8727.2,112.292602438354,112.292602438354,95.1049592079934,95.1049592079934
22,"Brookland, Brentwood, Langdon",2005,119,6,129,8682.5,8682.5,137.057299164987,137.057299164987,148.574719262885,148.574719262885
22,"Brookland, Brentwood, Langdon",2006,93,4,127,8637.8,8637.8,107.66630391998,107.66630391998,147.02817847137,147.02817847137
22,"Brookland, Brentwood, Langdon",2007,91,4,123,8593.1,8593.1,105.898918900048,105.898918900048,143.138099172592,143.138099172592
22,"Brookland, Brentwood, Langdon",2008,75,8,118,8548.4,8548.4,87.7357166253334,87.7357166253334,138.037527490525,138.037527490525
22,"Brookland, Brentwood, Langdon",2009,50,3,120,8503.7,8503.7,58.7979350165222,58.7979350165222,141.115044039653,141.115044039653
22,"Brookland, Brentwood, Langdon",2010,64,6,100,8459,8459,75.6590613547701,75.6590613547701,118.217283366828,118.217283366828
22,"Brookland, Brentwood, Langdon",2011,80,2,109,8459,8414.3,94.5738266934626,95.0762392593561,128.856838869843,129.541375990873
22,"Brookland, Brentwood, Langdon",2012,76,3,109,8459,8369.6,89.8451353587894,90.8048174345249,128.856838869843,130.233225004779
22,"Brookland, Brentwood, Langdon",2013,60,2,112,8459,8324.9,70.9303700200969,72.0729378130668,132.403357370848,134.536150584391
22,"Brookland, Brentwood, Langdon",2014,55,1,113,8459,8280.2,65.0195058517555,66.423516340185,133.585530204516,136.470133571653
23,"Ivy City, Arboretum, Trinidad, Carver Langston",2000,288,18,137,13909,13909,207.060176863901,207.060176863901,98.4973757998418,98.4973757998418
23,"Ivy City, Arboretum, Trinidad, Carver Langston",2001,242,17,178,13969.1,13969.1,173.23950719803,173.23950719803,127.424100335741,127.424100335741
23,"Ivy City, Arboretum, Trinidad, Carver Langston",2002,231,21,140,14029.2,14029.2,164.656573432555,164.656573432555,99.7918626863969,99.7918626863969
23,"Ivy City, Arboretum, Trinidad, Carver Langston",2003,268,21,207,14089.3,14089.3,190.215269743706,190.215269743706,146.920003122937,146.920003122937
23,"Ivy City, Arboretum, Trinidad, Carver Langston",2004,248,16,145,14149.4,14149.4,175.272449715182,175.272449715182,102.477843583474,102.477843583474
23,"Ivy City, Arboretum, Trinidad, Carver Langston",2005,247,11,182,14209.5,14209.5,173.827369013688,173.827369013688,128.083324536402,128.083324536402
23,"Ivy City, Arboretum, Trinidad, Carver Langston",2006,218,11,171,14269.6,14269.6,152.772327185065,152.772327185065,119.835174076358,119.835174076358
23,"Ivy City, Arboretum, Trinidad, Carver Langston",2007,211,12,152,14329.7,14329.7,147.246627633516,147.246627633516,106.073400001396,106.073400001396
23,"Ivy City, Arboretum, Trinidad, Carver Langston",2008,166,13,165,14389.8,14389.8,115.359490750393,115.359490750393,114.664554059125,114.664554059125
23,"Ivy City, Arboretum, Trinidad, Carver Langston",2009,135,10,155,14449.9,14449.9,93.4262520847895,93.4262520847895,107.267178319573,107.267178319573
23,"Ivy City, Arboretum, Trinidad, Carver Langston",2010,181,5,122,14510,14510,124.74155754652,124.74155754652,84.0799448656099,84.0799448656099
23,"Ivy City, Arboretum, Trinidad, Carver Langston",2011,121,14,129,14510,14570.1,83.3907649896623,83.0467875992615,88.9042039972433,88.5374843000391
23,"Ivy City, Arboretum, Trinidad, Carver Langston",2012,162,7,175,14510,14630.2,111.647139903515,110.729860152288,120.606478290834,119.615589670681
23,"Ivy City, Arboretum, Trinidad, Carver Langston",2013,123,2,156,14510,14690.3,84.7691247415575,83.7287189506001,107.512060647829,106.192521595883
23,"Ivy City, Arboretum, Trinidad, Carver Langston",2014,146,8,147,14510,14750.4,100.620261888353,98.9803666341252,101.3094417643,99.6583143507973
24,"Woodridge, Fort Lincoln, Gateway",2000,22,4,26,11348,11348,19.3866760662672,19.3866760662672,22.9115262601339,22.9115262601339
24,"Woodridge, Fort Lincoln, Gateway",2001,27,2,32,11385.5,11385.5,23.7143735452988,23.7143735452988,28.1059242018357,28.1059242018357
24,"Woodridge, Fort Lincoln, Gateway",2002,34,3,36,11423,11423,29.7645101987219,29.7645101987219,31.5153637398232,31.5153637398232
24,"Woodridge, Fort Lincoln, Gateway",2003,39,2,38,11460.5,11460.5,34.0299288861743,34.0299288861743,33.1573666070416,33.1573666070416
24,"Woodridge, Fort Lincoln, Gateway",2004,26,4,35,11498,11498,22.6126282831797,22.6126282831797,30.4400765350496,30.4400765350496
24,"Woodridge, Fort Lincoln, Gateway",2005,24,1,41,11535.5,11535.5,20.8053400372762,20.8053400372762,35.5424558970136,35.5424558970136
24,"Woodridge, Fort Lincoln, Gateway",2006,25,2,41,11573,11573,21.602004666033,21.602004666033,35.4272876522941,35.4272876522941
24,"Woodridge, Fort Lincoln, Gateway",2007,29,2,36,11610.5,11610.5,24.9773911545584,24.9773911545584,31.0064166056587,31.0064166056587
24,"Woodridge, Fort Lincoln, Gateway",2008,19,3,35,11648,11648,16.3118131868132,16.3118131868132,30.0480769230769,30.0480769230769
24,"Woodridge, Fort Lincoln, Gateway",2009,20,2,28,11685.5,11685.5,17.1152282743571,17.1152282743571,23.9613195841,23.9613195841
24,"Woodridge, Fort Lincoln, Gateway",2010,15,1,17,11723,11723,12.7953595496033,12.7953595496033,14.5014074895505,14.5014074895505
24,"Woodridge, Fort Lincoln, Gateway",2011,15,0,35,11723,11760.5,12.7953595496033,12.7545597551125,29.8558389490745,29.7606394285957
24,"Woodridge, Fort Lincoln, Gateway",2012,25,2,43,11723,11798,21.3255992493389,21.190032208849,36.6800307088629,36.4468553992202
24,"Woodridge, Fort Lincoln, Gateway",2013,23,1,33,11723,11835.5,19.6195513093918,19.4330615521102,28.1497910091274,27.8822187486798
24,"Woodridge, Fort Lincoln, Gateway",2014,19,1,24,11723,11873,16.2074554294976,16.002695190769,20.4725752793654,20.2139307672871
25,"Union Station, Stanton Park, Kingman Park",2000,216,14,290,27370,27370,78.9185239313117,78.9185239313117,105.95542564852,105.95542564852
25,"Union Station, Stanton Park, Kingman Park",2001,244,7,282,27562.5,27562.5,88.5260770975057,88.5260770975057,102.312925170068,102.312925170068
25,"Union Station, Stanton Park, Kingman Park",2002,184,12,325,27755,27755,66.2943613763286,66.2943613763286,117.096018735363,117.096018735363
25,"Union Station, Stanton Park, Kingman Park",2003,203,14,314,27947.5,27947.5,72.6361928616155,72.6361928616155,112.353519992844,112.353519992844
25,"Union Station, Stanton Park, Kingman Park",2004,195,10,273,28140,28140,69.2963752665245,69.2963752665245,97.0149253731343,97.0149253731343
25,"Union Station, Stanton Park, Kingman Park",2005,183,9,227,28332.5,28332.5,64.5901350039707,64.5901350039707,80.1200035295156,80.1200035295156
25,"Union Station, Stanton Park, Kingman Park",2006,179,6,273,28525,28525,62.7519719544259,62.7519719544259,95.7055214723926,95.7055214723926
25,"Union Station, Stanton Park, Kingman Park",2007,173,11,289,28717.5,28717.5,60.24201271002,60.24201271002,100.635501001132,100.635501001132
25,"Union Station, Stanton Park, Kingman Park",2008,154,4,267,28910,28910,53.2687651331719,53.2687651331719,92.3555863023175,92.3555863023175
25,"Union Station, Stanton Park, Kingman Park",2009,126,3,292,29102.5,29102.5,43.2952495490078,43.2952495490078,100.335022764367,100.335022764367
25,"Union Station, Stanton Park, Kingman Park",2010,99,4,206,29295,29295,33.7941628264209,33.7941628264209,70.3191670933606,70.3191670933606
25,"Union Station, Stanton Park, Kingman Park",2011,88,5,249,29295,29487.5,30.0392558457075,29.8431538787622,84.9974398361495,84.4425604069521
25,"Union Station, Stanton Park, Kingman Park",2012,93,4,264,29295,29680,31.7460317460317,31.3342318059299,90.1177675371224,88.9487870619946
25,"Union Station, Stanton Park, Kingman Park",2013,97,1,228,29295,29872.5,33.1114524662912,32.4713365135158,77.8289810547875,76.3243786090886
25,"Union Station, Stanton Park, Kingman Park",2014,104,4,205,29295,30065,35.5009387267452,34.5917179444537,69.9778119132958,68.1855978712789
26,"Capitol Hill, Lincoln Park",2000,110,12,187,18489,18489,59.494834766618,59.494834766618,101.141219103251,101.141219103251
26,"Capitol Hill, Lincoln Park",2001,103,1,223,18731,18731,54.9890555763173,54.9890555763173,119.053974694357,119.053974694357
26,"Capitol Hill, Lincoln Park",2002,92,1,249,18973,18973,48.4899594160122,48.4899594160122,131.23912928899,131.23912928899
26,"Capitol Hill, Lincoln Park",2003,100,0,228,19215,19215,52.0426749934947,52.0426749934947,118.657298985168,118.657298985168
26,"Capitol Hill, Lincoln Park",2004,87,4,146,19457,19457,44.7139846841754,44.7139846841754,75.0372616539035,75.0372616539035
26,"Capitol Hill, Lincoln Park",2005,79,4,186,19699,19699,40.1035585562719,40.1035585562719,94.4210366008427,94.4210366008427
26,"Capitol Hill, Lincoln Park",2006,97,6,147,19941,19941,48.6434983200441,48.6434983200441,73.7174665262525,73.7174665262525
26,"Capitol Hill, Lincoln Park",2007,98,6,155,20183,20183,48.5557152058663,48.5557152058663,76.7973046623396,76.7973046623396
26,"Capitol Hill, Lincoln Park",2008,74,2,199,20425,20425,36.2301101591187,36.2301101591187,97.4296205630355,97.4296205630355
26,"Capitol Hill, Lincoln Park",2009,74,3,190,20667,20667,35.8058740988049,35.8058740988049,91.934001064499,91.934001064499
26,"Capitol Hill, Lincoln Park",2010,75,1,143,20909,20909,35.8697211727007,35.8697211727007,68.3916017026161,68.3916017026161
26,"Capitol Hill, Lincoln Park",2011,43,0,137,20909,21151,20.5653068056818,20.330008037445,65.5220240088,64.7723511890691
26,"Capitol Hill, Lincoln Park",2012,58,1,154,20909,21393,27.7392510402219,27.1116720422568,73.6524941412789,71.986163698406
26,"Capitol Hill, Lincoln Park",2013,38,1,135,20909,21635,18.173992060835,17.5641321932055,64.5654981108614,62.3988906863878
26,"Capitol Hill, Lincoln Park",2014,53,1,116,20909,21877,25.3479362953752,24.2263564474105,55.4785020804438,53.0237235452759
27,"Near Southeast, Navy Yard",2000,53,0,55,4633,4633,114.396719188431,114.396719188431,118.713576516296,118.713576516296
27,"Near Southeast, Navy Yard",2001,65,1,61,4740.2,4740.2,137.125015822117,137.125015822117,128.686553309987,128.686553309987
27,"Near Southeast, Navy Yard",2002,66,1,57,4847.4,4847.4,136.155464785246,136.155464785246,117.588810496349,117.588810496349
27,"Near Southeast, Navy Yard",2003,63,3,47,4954.6,4954.6,127.154563435999,127.154563435999,94.8613409760626,94.8613409760626
27,"Near Southeast, Navy Yard",2004,34,0,38,5061.8,5061.8,67.1697815006519,67.1697815006519,75.0721087360228,75.0721087360228
27,"Near Southeast, Navy Yard",2005,17,1,36,5169,5169,32.8883729928419,32.8883729928419,69.6459663377829,69.6459663377829
27,"Near Southeast, Navy Yard",2006,15,0,15,5276.2,5276.2,28.4295515712066,28.4295515712066,28.4295515712066,28.4295515712066
27,"Near Southeast, Navy Yard",2007,11,0,14,5383.4,5383.4,20.4331834899877,20.4331834899877,26.005869896348,26.005869896348
27,"Near Southeast, Navy Yard",2008,7,0,14,5490.6,5490.6,12.7490620332933,12.7490620332933,25.4981240665865,25.4981240665865
27,"Near Southeast, Navy Yard",2009,10,0,15,5597.8,5597.8,17.8641609203616,17.8641609203616,26.7962413805424,26.7962413805424
27,"Near Southeast, Navy Yard",2010,9,0,14,5705,5705,15.7756354075372,15.7756354075372,24.5398773006135,24.5398773006135
27,"Near Southeast, Navy Yard",2011,9,0,8,5705,5812.2,15.7756354075372,15.4846701765252,14.022787028922,13.7641512680224
27,"Near Southeast, Navy Yard",2012,4,0,18,5705,5919.4,7.011393514461,6.7574416325979,31.5512708150745,30.4084873466905
27,"Near Southeast, Navy Yard",2013,3,12,14,5705,6026.6,5.25854513584575,4.977931171805,24.5398773006135,23.2303454684233
27,"Near Southeast, Navy Yard",2014,7,0,11,5705,6133.8,12.2699386503067,11.4121751605856,19.2813321647677,17.9334181094917
28,"Historic Anacostia",2000,90,5,53,4873,4873,184.691155345783,184.691155345783,108.762569259183,108.762569259183
28,"Historic Anacostia",2001,96,3,30,4873.3,4873.3,196.991771489545,196.991771489545,61.5599285904828,61.5599285904828
28,"Historic Anacostia",2002,75,10,41,4873.6,4873.6,153.890347997374,153.890347997374,84.1267235718976,84.1267235718976
28,"Historic Anacostia",2003,86,3,29,4873.9,4873.9,176.450070785203,176.450070785203,59.5006052647777,59.5006052647777
28,"Historic Anacostia",2004,73,6,31,4874.2,4874.2,149.768167083829,149.768167083829,63.600180542448,63.600180542448
28,"Historic Anacostia",2005,45,7,55,4874.5,4874.5,92.3171607344343,92.3171607344343,112.832085342086,112.832085342086
28,"Historic Anacostia",2006,60,6,59,4874.8,4874.8,123.081972593747,123.081972593747,121.030606383852,121.030606383852
28,"Historic Anacostia",2007,59,5,70,4875.1,4875.1,121.023158499313,121.023158499313,143.586798219524,143.586798219524
28,"Historic Anacostia",2008,62,4,67,4875.4,4875.4,127.169052795668,127.169052795668,137.424621569512,137.424621569512
28,"Historic Anacostia",2009,38,2,30,4875.7,4875.7,77.9375269192116,77.9375269192116,61.5296265151671,61.5296265151671
28,"Historic Anacostia",2010,46,4,57,4876,4876,94.3396226415094,94.3396226415094,116.899097621001,116.899097621001
28,"Historic Anacostia",2011,57,2,61,4876,4876.3,116.899097621001,116.891905748211,125.102543068089,125.094846502471
28,"Historic Anacostia",2012,52,2,85,4876,4876.6,106.644790812141,106.631669605873,174.323215750615,174.301767624985
28,"Historic Anacostia",2013,64,1,58,4876,4876.9,131.255127153404,131.230904878099,118.949958982773,118.928007545777
28,"Historic Anacostia",2014,63,3,69,4876,4877.2,129.204265791632,129.172476010826,141.509433962264,141.474616583285
29,"Eastland Gardens, Kenilworth",2000,19,2,9,2374,2374,80.033698399326,80.033698399326,37.910699241786,37.910699241786
29,"Eastland Gardens, Kenilworth",2001,19,0,14,2381.1,2381.1,79.7950527067322,79.7950527067322,58.7963546260132,58.7963546260132
29,"Eastland Gardens, Kenilworth",2002,20,5,14,2388.2,2388.2,83.7450799765514,83.7450799765514,58.621555983586,58.621555983586
29,"Eastland Gardens, Kenilworth",2003,22,5,11,2395.3,2395.3,91.846532793387,91.846532793387,45.9232663966935,45.9232663966935
29,"Eastland Gardens, Kenilworth",2004,16,2,12,2402.4,2402.4,66.6000666000666,66.6000666000666,49.95004995005,49.95004995005
29,"Eastland Gardens, Kenilworth",2005,35,2,20,2409.5,2409.5,145.25835235526,145.25835235526,83.0047727744345,83.0047727744345
29,"Eastland Gardens, Kenilworth",2006,16,4,9,2416.6,2416.6,66.2087229992552,66.2087229992552,37.242406687081,37.242406687081
29,"Eastland Gardens, Kenilworth",2007,15,2,8,2423.7,2423.7,61.8888476296571,61.8888476296571,33.0073854024838,33.0073854024838
29,"Eastland Gardens, Kenilworth",2008,18,0,23,2430.8,2430.8,74.0496955734737,74.0496955734737,94.6190554549942,94.6190554549942
29,"Eastland Gardens, Kenilworth",2009,19,3,18,2437.9,2437.9,77.9359284630215,77.9359284630215,73.8340374912835,73.8340374912835
29,"Eastland Gardens, Kenilworth",2010,11,1,17,2445,2445,44.9897750511247,44.9897750511247,69.5296523517382,69.5296523517382
29,"Eastland Gardens, Kenilworth",2011,8,2,10,2445,2452.1,32.719836400818,32.6250968557563,40.8997955010225,40.7813710696954
29,"Eastland Gardens, Kenilworth",2012,19,4,8,2445,2459.2,77.7096114519427,77.2608978529603,32.719836400818,32.5309043591412
29,"Eastland Gardens, Kenilworth",2013,16,0,36,2445,2466.3,65.439672801636,64.8745083728662,147.239263803681,145.967643838949
29,"Eastland Gardens, Kenilworth",2014,42,2,19,2445,2473.4,171.779141104294,169.806743753538,77.7096114519427,76.8173364599337
30,"Mayfair, Hillbrook, Mahaning Heights",2000,41,2,52,6167,6167,66.4828928166045,66.4828928166045,84.3197664991082,84.3197664991082
30,"Mayfair, Hillbrook, Mahaning Heights",2001,63,4,55,6207.6,6207.6,101.48849797023,101.48849797023,88.60106965655,88.60106965655
30,"Mayfair, Hillbrook, Mahaning Heights",2002,46,1,48,6248.2,6248.2,73.6212029064371,73.6212029064371,76.8221247719343,76.8221247719343
30,"Mayfair, Hillbrook, Mahaning Heights",2003,45,4,57,6288.8,6288.8,71.5557817071619,71.5557817071619,90.6373234957385,90.6373234957385
30,"Mayfair, Hillbrook, Mahaning Heights",2004,40,2,63,6329.4,6329.4,63.1971434891143,63.1971434891143,99.535500995355,99.535500995355
30,"Mayfair, Hillbrook, Mahaning Heights",2005,55,3,55,6370,6370,86.3422291993721,86.3422291993721,86.3422291993721,86.3422291993721
30,"Mayfair, Hillbrook, Mahaning Heights",2006,43,5,44,6410.6,6410.6,67.0764047047078,67.0764047047078,68.6363210931894,68.6363210931894
30,"Mayfair, Hillbrook, Mahaning Heights",2007,44,2,51,6451.2,6451.2,68.2043650793651,68.2043650793651,79.0550595238095,79.0550595238095
30,"Mayfair, Hillbrook, Mahaning Heights",2008,46,1,66,6491.8,6491.8,70.8586216457685,70.8586216457685,101.666718013494,101.666718013494
30,"Mayfair, Hillbrook, Mahaning Heights",2009,50,6,78,6532.4,6532.4,76.5415467515768,76.5415467515768,119.40481293246,119.40481293246
30,"Mayfair, Hillbrook, Mahaning Heights",2010,49,0,72,6573,6573,74.5473908413205,74.5473908413205,109.539023277042,109.539023277042
30,"Mayfair, Hillbrook, Mahaning Heights",2011,54,2,70,6573,6613.6,82.1542674577818,81.6499334704246,106.496272630458,105.84250635055
30,"Mayfair, Hillbrook, Mahaning Heights",2012,32,3,77,6573,6654.2,48.6840103453522,48.0899281656698,117.145899893504,115.716389648643
30,"Mayfair, Hillbrook, Mahaning Heights",2013,57,1,94,6573,6694.8,86.7183934276586,85.1407062197526,143.009280389472,140.407480432575
30,"Mayfair, Hillbrook, Mahaning Heights",2014,64,3,90,6573,6735.4,97.3680206907044,95.0203402915937,136.923779096303,133.622353535054
31,"Deanwood, Burrville, Grant Park, Lincoln Heights, Fairmont Heights",2000,138,19,118,14113,14113,97.7821866364345,97.7821866364345,83.6108552398498,83.6108552398498
31,"Deanwood, Burrville, Grant Park, Lincoln Heights, Fairmont Heights",2001,151,16,134,14151.7,14151.7,106.700961721913,106.700961721913,94.6882706671283,94.6882706671283
31,"Deanwood, Burrville, Grant Park, Lincoln Heights, Fairmont Heights",2002,139,15,103,14190.4,14190.4,97.9535460593077,97.9535460593077,72.5842823317172,72.5842823317172
31,"Deanwood, Burrville, Grant Park, Lincoln Heights, Fairmont Heights",2003,110,24,140,14229.1,14229.1,77.3063651249903,77.3063651249903,98.3899192499877,98.3899192499877
31,"Deanwood, Burrville, Grant Park, Lincoln Heights, Fairmont Heights",2004,115,8,88,14267.8,14267.8,80.6010737464781,80.6010737464781,61.6773433886093,61.6773433886093
31,"Deanwood, Burrville, Grant Park, Lincoln Heights, Fairmont Heights",2005,131,7,160,14306.5,14306.5,91.566770349142,91.566770349142,111.837276762311,111.837276762311
31,"Deanwood, Burrville, Grant Park, Lincoln Heights, Fairmont Heights",2006,133,8,92,14345.2,14345.2,92.7139391573488,92.7139391573488,64.1329503945571,64.1329503945571
31,"Deanwood, Burrville, Grant Park, Lincoln Heights, Fairmont Heights",2007,113,12,108,14383.9,14383.9,78.5600567300941,78.5600567300941,75.0839480252227,75.0839480252227
31,"Deanwood, Burrville, Grant Park, Lincoln Heights, Fairmont Heights",2008,141,7,131,14422.6,14422.6,97.7632327042281,97.7632327042281,90.8296701010913,90.8296701010913
31,"Deanwood, Burrville, Grant Park, Lincoln Heights, Fairmont Heights",2009,134,6,134,14461.3,14461.3,92.6611023905182,92.6611023905182,92.6611023905182,92.6611023905182
31,"Deanwood, Burrville, Grant Park, Lincoln Heights, Fairmont Heights",2010,121,10,130,14500,14500,83.448275862069,83.448275862069,89.6551724137931,89.6551724137931
31,"Deanwood, Burrville, Grant Park, Lincoln Heights, Fairmont Heights",2011,126,8,125,14500,14538.7,86.8965517241379,86.6652451732273,86.2068965517241,85.9774257670906
31,"Deanwood, Burrville, Grant Park, Lincoln Heights, Fairmont Heights",2012,84,2,152,14500,14577.4,57.9310344827586,57.6234445099949,104.827586206897,104.27099482761
31,"Deanwood, Burrville, Grant Park, Lincoln Heights, Fairmont Heights",2013,131,5,192,14500,14616.1,90.3448275862069,89.6271919321844,132.413793103448,131.36199122885
31,"Deanwood, Burrville, Grant Park, Lincoln Heights, Fairmont Heights",2014,141,9,172,14500,14654.8,97.2413793103448,96.2142096787401,118.620689655172,117.367688402435
32,"River Terrace, Benning, Greenway, Dupont Park",2000,126,5,85,12493,12493,100.856479628592,100.856479628592,68.0381013367486,68.0381013367486
32,"River Terrace, Benning, Greenway, Dupont Park",2001,123,6,109,12544.5,12544.5,98.0509386583762,98.0509386583762,86.8906692175854,86.8906692175854
32,"River Terrace, Benning, Greenway, Dupont Park",2002,124,11,79,12596,12596,98.4439504604636,98.4439504604636,62.7183232772309,62.7183232772309
32,"River Terrace, Benning, Greenway, Dupont Park",2003,111,7,96,12647.5,12647.5,87.7643803123147,87.7643803123147,75.9043289187587,75.9043289187587
32,"River Terrace, Benning, Greenway, Dupont Park",2004,107,12,90,12699,12699,84.2586030396094,84.2586030396094,70.871722182849,70.871722182849
32,"River Terrace, Benning, Greenway, Dupont Park",2005,98,2,70,12750.5,12750.5,76.8597309909415,76.8597309909415,54.8998078506725,54.8998078506725
32,"River Terrace, Benning, Greenway, Dupont Park",2006,91,9,78,12802,12802,71.0826433369786,71.0826433369786,60.9279800031245,60.9279800031245
32,"River Terrace, Benning, Greenway, Dupont Park",2007,96,7,101,12853.5,12853.5,74.6878282179951,74.6878282179951,78.5778192710157,78.5778192710157
32,"River Terrace, Benning, Greenway, Dupont Park",2008,93,10,97,12905,12905,72.0650910499806,72.0650910499806,75.1646648585819,75.1646648585819
32,"River Terrace, Benning, Greenway, Dupont Park",2009,77,3,110,12956.5,12956.5,59.4296299154864,59.4296299154864,84.8994713078378,84.8994713078378
32,"River Terrace, Benning, Greenway, Dupont Park",2010,100,3,117,13008,13008,76.8757687576876,76.8757687576876,89.9446494464945,89.9446494464945
32,"River Terrace, Benning, Greenway, Dupont Park",2011,89,5,133,13008,13059.5,68.4194341943419,68.1496228798959,102.244772447724,101.841571269957
32,"River Terrace, Benning, Greenway, Dupont Park",2012,111,7,145,13008,13111,85.3321033210332,84.6617344214781,111.469864698647,110.594157577607
32,"River Terrace, Benning, Greenway, Dupont Park",2013,113,6,164,13008,13162.5,86.869618696187,85.8499525166192,126.076260762608,124.596391263058
32,"River Terrace, Benning, Greenway, Dupont Park",2014,130,2,182,13008,13214,99.9384993849938,98.3805055244438,139.913899138991,137.732707734221
33,"Capitol View, Marshall Heights, Benning Heights",2000,179,12,145,15080,15080,118.700265251989,118.700265251989,96.1538461538462,96.1538461538462
33,"Capitol View, Marshall Heights, Benning Heights",2001,197,14,139,15060.8,15060.8,130.803144587273,130.803144587273,92.2925740996494,92.2925740996494
33,"Capitol View, Marshall Heights, Benning Heights",2002,191,19,149,15041.6,15041.6,126.981172215722,126.981172215722,99.0586107860866,99.0586107860866
33,"Capitol View, Marshall Heights, Benning Heights",2003,138,12,139,15022.4,15022.4,91.8628181915007,91.8628181915007,92.5284907870913,92.5284907870913
33,"Capitol View, Marshall Heights, Benning Heights",2004,132,18,133,15003.2,15003.2,87.9812306707902,87.9812306707902,88.6477551455689,88.6477551455689
33,"Capitol View, Marshall Heights, Benning Heights",2005,166,9,112,14984,14984,110.784837159637,110.784837159637,74.7463961558996,74.7463961558996
33,"Capitol View, Marshall Heights, Benning Heights",2006,168,10,114,14964.8,14964.8,112.263444883994,112.263444883994,76.1787661712819,76.1787661712819
33,"Capitol View, Marshall Heights, Benning Heights",2007,123,8,111,14945.6,14945.6,82.2984691146558,82.2984691146558,74.2693501766406,74.2693501766406
33,"Capitol View, Marshall Heights, Benning Heights",2008,119,17,138,14926.4,14926.4,79.7245149533712,79.7245149533712,92.4536391896238,92.4536391896238
33,"Capitol View, Marshall Heights, Benning Heights",2009,127,7,191,14907.2,14907.2,85.1937318879468,85.1937318879468,128.12600622518,128.12600622518
33,"Capitol View, Marshall Heights, Benning Heights",2010,128,7,163,14888,14888,85.9752821063944,85.9752821063944,109.484148307362,109.484148307362
33,"Capitol View, Marshall Heights, Benning Heights",2011,88,4,137,14888,14868.8,59.1080064481462,59.1843322931239,92.0204191295003,92.1392445927042
33,"Capitol View, Marshall Heights, Benning Heights",2012,99,8,141,14888,14849.6,66.4965072541644,66.668462450167,94.7071466953251,94.9520525805409
33,"Capitol View, Marshall Heights, Benning Heights",2013,154,8,204,14888,14830.4,103.439011284256,103.840759520984,137.023105857066,137.555291832992
33,"Capitol View, Marshall Heights, Benning Heights",2014,157,8,167,14888,14811.2,105.454056958624,106.000864210867,112.170875873186,112.752511612834
34,"Twining, Fairlawn, Randle Highlands, Penn Branch, Fort Davis Park, Fort Dupont",2000,119,8,112,15536,15536,76.5962924819773,76.5962924819773,72.0906282183316,72.0906282183316
34,"Twining, Fairlawn, Randle Highlands, Penn Branch, Fort Davis Park, Fort Dupont",2001,125,10,129,15478.7,15478.7,80.756135851202,80.756135851202,83.3403321984404,83.3403321984404
34,"Twining, Fairlawn, Randle Highlands, Penn Branch, Fort Davis Park, Fort Dupont",2002,119,8,126,15421.4,15421.4,77.1654972959654,77.1654972959654,81.704644195728,81.704644195728
34,"Twining, Fairlawn, Randle Highlands, Penn Branch, Fort Davis Park, Fort Dupont",2003,105,13,89,15364.1,15364.1,68.3411329007231,68.3411329007231,57.9272459825177,57.9272459825177
34,"Twining, Fairlawn, Randle Highlands, Penn Branch, Fort Davis Park, Fort Dupont",2004,101,5,74,15306.8,15306.8,65.9837457861865,65.9837457861865,48.3445266156218,48.3445266156218
34,"Twining, Fairlawn, Randle Highlands, Penn Branch, Fort Davis Park, Fort Dupont",2005,88,12,84,15249.5,15249.5,57.7068100593462,57.7068100593462,55.0837732384668,55.0837732384668
34,"Twining, Fairlawn, Randle Highlands, Penn Branch, Fort Davis Park, Fort Dupont",2006,122,6,98,15192.2,15192.2,80.3043667144982,80.3043667144982,64.5067863772199,64.5067863772199
34,"Twining, Fairlawn, Randle Highlands, Penn Branch, Fort Davis Park, Fort Dupont",2007,97,6,122,15134.9,15134.9,64.0902814025861,64.0902814025861,80.6083951661392,80.6083951661392
34,"Twining, Fairlawn, Randle Highlands, Penn Branch, Fort Davis Park, Fort Dupont",2008,91,6,110,15077.6,15077.6,60.3544330662705,60.3544330662705,72.9559081020852,72.9559081020852
34,"Twining, Fairlawn, Randle Highlands, Penn Branch, Fort Davis Park, Fort Dupont",2009,97,2,78,15020.3,15020.3,64.5792693887606,64.5792693887606,51.9297217765291,51.9297217765291
34,"Twining, Fairlawn, Randle Highlands, Penn Branch, Fort Davis Park, Fort Dupont",2010,67,4,73,14963,14963,44.7771168883245,44.7771168883245,48.7870079529506,48.7870079529506
34,"Twining, Fairlawn, Randle Highlands, Penn Branch, Fort Davis Park, Fort Dupont",2011,86,4,78,14963,14905.7,57.4751052596404,57.696049162401,52.128583840139,52.3289748217125
34,"Twining, Fairlawn, Randle Highlands, Penn Branch, Fort Davis Park, Fort Dupont",2012,98,5,118,14963,14848.4,65.4948873888926,66.0003771450123,78.8611909376462,79.4698418684842
34,"Twining, Fairlawn, Randle Highlands, Penn Branch, Fort Davis Park, Fort Dupont",2013,95,6,107,14963,14791.1,63.4899418565796,64.2278126711333,71.5097239858317,72.3407995348554
34,"Twining, Fairlawn, Randle Highlands, Penn Branch, Fort Davis Park, Fort Dupont",2014,96,3,82,14963,14733.8,64.1582570340172,65.1563072662857,54.8018445498897,55.6543457899524
35,"Fairfax Village, Naylor Gardens, Hillcrest, Summit Park",2000,32,3,60,8025,8025,39.8753894080997,39.8753894080997,74.7663551401869,74.7663551401869
35,"Fairfax Village, Naylor Gardens, Hillcrest, Summit Park",2001,38,2,67,7991.3,7991.3,47.55171248733,47.55171248733,83.8411772802923,83.8411772802923
35,"Fairfax Village, Naylor Gardens, Hillcrest, Summit Park",2002,28,3,60,7957.6,7957.6,35.1864883884588,35.1864883884588,75.3996179752689,75.3996179752689
35,"Fairfax Village, Naylor Gardens, Hillcrest, Summit Park",2003,32,0,57,7923.9,7923.9,40.3841542674693,40.3841542674693,71.9342747889297,71.9342747889297
35,"Fairfax Village, Naylor Gardens, Hillcrest, Summit Park",2004,35,1,75,7890.2,7890.2,44.3588248713594,44.3588248713594,95.0546247243416,95.0546247243416
35,"Fairfax Village, Naylor Gardens, Hillcrest, Summit Park",2005,33,1,67,7856.5,7856.5,42.0034366448164,42.0034366448164,85.2797047031121,85.2797047031121
35,"Fairfax Village, Naylor Gardens, Hillcrest, Summit Park",2006,32,0,53,7822.8,7822.8,40.9060694380529,40.9060694380529,67.7506775067751,67.7506775067751
35,"Fairfax Village, Naylor Gardens, Hillcrest, Summit Park",2007,15,1,73,7789.1,7789.1,19.2576806049479,19.2576806049479,93.7207122774133,93.7207122774133
35,"Fairfax Village, Naylor Gardens, Hillcrest, Summit Park",2008,16,0,71,7755.4,7755.4,20.6307862908425,20.6307862908425,91.5491141656136,91.5491141656136
35,"Fairfax Village, Naylor Gardens, Hillcrest, Summit Park",2009,22,2,34,7721.7,7721.7,28.4911353717446,28.4911353717446,44.0317546654234,44.0317546654234
35,"Fairfax Village, Naylor Gardens, Hillcrest, Summit Park",2010,27,1,56,7688,7688,35.1196670135276,35.1196670135276,72.840790842872,72.840790842872
35,"Fairfax Village, Naylor Gardens, Hillcrest, Summit Park",2011,20,0,57,7688,7654.3,26.0145681581686,26.1291039023817,74.1415192507804,74.4679461217877
35,"Fairfax Village, Naylor Gardens, Hillcrest, Summit Park",2012,19,1,53,7688,7620.6,24.7138397502601,24.932420019421,68.9386056191467,69.5483295278587
35,"Fairfax Village, Naylor Gardens, Hillcrest, Summit Park",2013,22,2,51,7688,7586.9,28.6160249739854,28.9973506965954,66.3371488033299,67.2211311602894
35,"Fairfax Village, Naylor Gardens, Hillcrest, Summit Park",2014,23,1,49,7688,7553.2,29.9167533818939,30.4506699147381,63.735691987513,64.8731663400943
36,"Woodland/Fort Stanton, Garfield Heights, Knox Hill",2000,114,4,33,6395,6395,178.264268960125,178.264268960125,51.6028146989836,51.6028146989836
36,"Woodland/Fort Stanton, Garfield Heights, Knox Hill",2001,120,5,55,6512.7,6512.7,184.255377953844,184.255377953844,84.4503815621785,84.4503815621785
36,"Woodland/Fort Stanton, Garfield Heights, Knox Hill",2002,118,8,55,6630.4,6630.4,177.968146718147,177.968146718147,82.9512548262548,82.9512548262548
36,"Woodland/Fort Stanton, Garfield Heights, Knox Hill",2003,97,9,54,6748.1,6748.1,143.744165024229,143.744165024229,80.0225248588492,80.0225248588492
36,"Woodland/Fort Stanton, Garfield Heights, Knox Hill",2004,83,5,83,6865.8,6865.8,120.889044248303,120.889044248303,120.889044248303,120.889044248303
36,"Woodland/Fort Stanton, Garfield Heights, Knox Hill",2005,82,6,66,6983.5,6983.5,117.41963198969,117.41963198969,94.5084842843846,94.5084842843846
36,"Woodland/Fort Stanton, Garfield Heights, Knox Hill",2006,86,3,55,7101.2,7101.2,121.106291894328,121.106291894328,77.4516983045119,77.4516983045119
36,"Woodland/Fort Stanton, Garfield Heights, Knox Hill",2007,73,7,71,7218.9,7218.9,101.123439859258,101.123439859258,98.3529346576348,98.3529346576348
36,"Woodland/Fort Stanton, Garfield Heights, Knox Hill",2008,65,2,56,7336.6,7336.6,88.5968977455497,88.5968977455497,76.3296349807813,76.3296349807813
36,"Woodland/Fort Stanton, Garfield Heights, Knox Hill",2009,76,4,58,7454.3,7454.3,101.95457655313,101.95457655313,77.8074400010732,77.8074400010732
36,"Woodland/Fort Stanton, Garfield Heights, Knox Hill",2010,77,7,68,7572,7572,101.690438457475,101.690438457475,89.8045430533545,89.8045430533545
36,"Woodland/Fort Stanton, Garfield Heights, Knox Hill",2011,58,3,68,7572,7689.7,76.5979926043318,75.4255692679818,89.8045430533545,88.4299777624615
36,"Woodland/Fort Stanton, Garfield Heights, Knox Hill",2012,65,1,109,7572,7807.4,85.8425779186476,83.2543484386608,143.951399894348,139.611138150985
36,"Woodland/Fort Stanton, Garfield Heights, Knox Hill",2013,69,3,98,7572,7925.1,91.1251980982567,87.0651474429345,129.424194400423,123.657745643588
36,"Woodland/Fort Stanton, Garfield Heights, Knox Hill",2014,77,4,59,7572,8042.8,101.690438457475,95.7378027552594,77.918647649234,73.3575371761078
37,"Sheridan, Barry Farm, Buena Vista",2000,139,6,48,8596,8596,161.703117729176,161.703117729176,55.8399255467659,55.8399255467659
37,"Sheridan, Barry Farm, Buena Vista",2001,115,13,50,8543.5,8543.5,134.605255457365,134.605255457365,58.5240241118979,58.5240241118979
37,"Sheridan, Barry Farm, Buena Vista",2002,145,5,60,8491,8491,170.76904958191,170.76904958191,70.6630549994111,70.6630549994111
37,"Sheridan, Barry Farm, Buena Vista",2003,129,9,56,8438.5,8438.5,152.8707708716,152.8707708716,66.3625051845707,66.3625051845707
37,"Sheridan, Barry Farm, Buena Vista",2004,114,10,60,8386,8386,135.940853803959,135.940853803959,71.5478177915574,71.5478177915574
37,"Sheridan, Barry Farm, Buena Vista",2005,82,8,65,8333.5,8333.5,98.3980320393592,98.3980320393592,77.9984400311994,77.9984400311994
37,"Sheridan, Barry Farm, Buena Vista",2006,86,10,89,8281,8281,103.85219176428,103.85219176428,107.474942639778,107.474942639778
37,"Sheridan, Barry Farm, Buena Vista",2007,114,12,94,8228.5,8228.5,138.54286929574,138.54286929574,114.237102752628,114.237102752628
37,"Sheridan, Barry Farm, Buena Vista",2008,90,5,87,8176,8176,110.078277886497,110.078277886497,106.409001956947,106.409001956947
37,"Sheridan, Barry Farm, Buena Vista",2009,82,9,99,8123.5,8123.5,100.94171231612,100.94171231612,121.86865267434,121.86865267434
37,"Sheridan, Barry Farm, Buena Vista",2010,107,6,67,8071,8071,132.573410977574,132.573410977574,83.0132573410978,83.0132573410978
37,"Sheridan, Barry Farm, Buena Vista",2011,93,6,91,8071,8018.5,115.227357204807,115.981792105755,112.749349522984,113.48756001746
37,"Sheridan, Barry Farm, Buena Vista",2012,96,4,127,8071,7966,118.944368727543,120.512176751193,157.353487795812,159.427567160432
37,"Sheridan, Barry Farm, Buena Vista",2013,87,2,85,8071,7913.5,107.793334159336,109.938712327036,105.315326477512,107.411385606874
37,"Sheridan, Barry Farm, Buena Vista",2014,66,11,76,8071,7861,81.7742535001858,83.9587838697367,94.1642919093049,96.6798117287877
38,"Douglas, Shipley Terrace",2000,155,7,85,9058,9058,171.119452417752,171.119452417752,93.8396997129609,93.8396997129609
38,"Douglas, Shipley Terrace",2001,138,6,80,9123.2,9123.2,151.262714836899,151.262714836899,87.6885303402315,87.6885303402315
38,"Douglas, Shipley Terrace",2002,140,12,74,9188.4,9188.4,152.366026729354,152.366026729354,80.5363284140873,80.5363284140873
38,"Douglas, Shipley Terrace",2003,135,7,82,9253.6,9253.6,145.889167459151,145.889167459151,88.614160975188,88.614160975188
38,"Douglas, Shipley Terrace",2004,98,16,52,9318.8,9318.8,105.163754989913,105.163754989913,55.8011761170966,55.8011761170966
38,"Douglas, Shipley Terrace",2005,115,22,83,9384,9384,122.549019607843,122.549019607843,88.4484228473998,88.4484228473998
38,"Douglas, Shipley Terrace",2006,130,7,105,9449.2,9449.2,137.577784362697,137.577784362697,111.120518139102,111.120518139102
38,"Douglas, Shipley Terrace",2007,126,12,103,9514.4,9514.4,132.430841671572,132.430841671572,108.25695787438,108.25695787438
38,"Douglas, Shipley Terrace",2008,123,10,99,9579.6,9579.6,128.397845421521,128.397845421521,103.344607290492,103.344607290492
38,"Douglas, Shipley Terrace",2009,131,7,107,9644.8,9644.8,135.824485733245,135.824485733245,110.940610484406,110.940610484406
38,"Douglas, Shipley Terrace",2010,105,5,156,9710,9710,108.135942327497,108.135942327497,160.659114315139,160.659114315139
38,"Douglas, Shipley Terrace",2011,95,4,114,9710,9775.2,97.83728115345,97.1847123332515,117.40473738414,116.621654799902
38,"Douglas, Shipley Terrace",2012,102,7,146,9710,9840.4,105.046343975283,103.654322995,150.360453141092,148.367952522255
38,"Douglas, Shipley Terrace",2013,117,6,117,9710,9905.6,120.494335736354,118.115005653368,120.494335736354,118.115005653368
38,"Douglas, Shipley Terrace",2014,117,6,93,9710,9970.8,120.494335736354,117.34264051029,95.7775489186406,93.27235527741
39,"Congress Heights, Bellevue, Washington Highlands",2000,390,26,282,30583,30583,127.521825850963,127.521825850963,92.2080894614655,92.2080894614655
39,"Congress Heights, Bellevue, Washington Highlands",2001,368,32,289,30620.6,30620.6,120.180532060116,120.180532060116,94.380906971124,94.380906971124
39,"Congress Heights, Bellevue, Washington Highlands",2002,411,24,250,30658.2,30658.2,134.058751002994,134.058751002994,81.5442524349114,81.5442524349114
39,"Congress Heights, Bellevue, Washington Highlands",2003,382,36,262,30695.8,30695.8,124.446992748194,124.446992748194,85.3536965969286,85.3536965969286
39,"Congress Heights, Bellevue, Washington Highlands",2004,306,20,239,30733.4,30733.4,99.5659445424196,99.5659445424196,77.765557992282,77.765557992282
39,"Congress Heights, Bellevue, Washington Highlands",2005,268,19,265,30771,30771,87.0949920379578,87.0949920379578,86.1200480972344,86.1200480972344
39,"Congress Heights, Bellevue, Washington Highlands",2006,291,18,201,30808.6,30808.6,94.454145920295,94.454145920295,65.2415234707192,65.2415234707192
39,"Congress Heights, Bellevue, Washington Highlands",2007,314,22,322,30846.2,30846.2,101.795358909687,101.795358909687,104.388871238597,104.388871238597
39,"Congress Heights, Bellevue, Washington Highlands",2008,293,26,334,30883.8,30883.8,94.8717450572792,94.8717450572792,108.147313478264,108.147313478264
39,"Congress Heights, Bellevue, Washington Highlands",2009,240,19,377,30921.4,30921.4,77.6161493334713,77.6161493334713,121.922034577995,121.922034577995
39,"Congress Heights, Bellevue, Washington Highlands",2010,280,19,269,30959,30959,90.4421977454052,90.4421977454052,86.8891114054071,86.8891114054071
39,"Congress Heights, Bellevue, Washington Highlands",2011,227,6,388,30959,30996.6,73.3227817435964,73.2338385500345,125.327045447204,125.175019195654
39,"Congress Heights, Bellevue, Washington Highlands",2012,277,5,300,30959,31034.2,89.473174198133,89.2563687802489,96.9023547272199,96.667547415432
39,"Congress Heights, Bellevue, Washington Highlands",2013,253,9,324,30959,31071.8,81.7209858199554,81.4243140082004,104.654543105397,104.274615567814
39,"Congress Heights, Bellevue, Washington Highlands",2014,235,10,231,30959,31109.4,75.9068445363222,75.5398689785081,74.6148131399593,74.2540839746186
