offense,year,Latitude,Longitude
ADW,2009,38.8939018,-76.935997
ADW,2009,38.9221992,-77.0261993
ADW,2009,38.9054985,-77.0109024
ADW,2009,38.9033012,-77.0273972
ADW,2009,38.8608017,-76.998703
ADW,2009,38.9673004,-77.0330963
ADW,2009,38.8440018,-76.9793015
ADW,2009,38.9171982,-77.0024033
ADW,2009,38.8451004,-76.9723969
ADW,2009,38.9201012,-77.001297
ADW,2009,38.8549004,-76.9710007
ADW,2009,38.8777008,-76.983902
ADW,2009,38.8848,-76.9276962
ADW,2009,38.9241982,-77.0327988
ADW,2009,38.8931999,-76.9389038
ADW,2009,38.902401,-76.975502
ADW,2009,38.9044991,-76.9313965
ADW,2009,38.9034996,-77.0632019
ADW,2009,38.8464012,-76.9788971
ADW,2009,38.9287987,-77.0189972
ADW,2009,38.8951988,-76.9291
ADW,2009,38.9131012,-77.0236969
ADW,2009,38.8633003,-76.9512024
ADW,2009,38.8992996,-76.9176025
ADW,2009,38.8268013,-77.0118027
ADW,2009,38.9057999,-76.9759979
ADW,2009,38.8268013,-77.0118027
ADW,2009,38.9037018,-76.9791031
ADW,2009,38.8499985,-76.9723969
ADW,2009,38.8289986,-76.9927979
ADW,2009,38.9062996,-76.9501038
ADW,2009,38.8885002,-76.9250031
ADW,2009,38.9217987,-76.9877014
ADW,2009,38.9132996,-77.0218964
ADW,2009,38.8977013,-76.9769974
ADW,2009,38.9822006,-77.0270004
ADW,2009,38.8465004,-77.0008011
ADW,2009,38.9599991,-76.9999008
ADW,2009,38.9295998,-77.004097
ADW,2009,38.9135017,-77.0067978
ADW,2009,38.960701,-77.0277023
ADW,2009,38.8622017,-76.9709015
ADW,2009,38.8510017,-76.9773026
ADW,2009,38.9006996,-76.9503021
ADW,2009,38.8647003,-76.9750977
ADW,2009,38.9150009,-77.0078964
ADW,2009,38.8858986,-76.9815979
ADW,2009,38.8454018,-76.9981995
ADW,2009,38.8376007,-76.9983978
ADW,2009,38.8577995,-76.9891968
ADW,2009,38.8432999,-76.9793015
ADW,2009,38.9556007,-77.0162964
ADW,2009,38.8946991,-76.9240036
ADW,2009,38.8973999,-76.9805984
ADW,2009,38.8685989,-76.9866028
ADW,2009,38.9272995,-77.0143967
ADW,2009,38.8590012,-76.9878998
ADW,2009,38.8700981,-76.9677963
ADW,2009,38.8830986,-76.9605026
ADW,2009,38.8791008,-77.014801
ADW,2009,38.9252014,-77.0351028
ADW,2009,38.9285011,-77.0335999
ADW,2009,38.8676987,-76.9819031
ADW,2009,38.8536987,-76.9720993
ADW,2009,38.9151001,-76.9858017
ADW,2009,38.9370003,-77.0214005
ADW,2009,38.9084015,-77.020401
ADW,2009,38.8536987,-76.9720993
ADW,2009,38.8294983,-77.0022964
ADW,2009,38.8423996,-76.9871979
ADW,2009,38.9030991,-76.9244995
ADW,2009,38.9177017,-77.0242004
ADW,2009,38.9444008,-77.0439987
ADW,2009,38.8359985,-76.9847031
ADW,2009,38.8499985,-76.9738998
ADW,2009,38.9263,-77.0354996
ADW,2009,38.9003983,-76.9729996
ADW,2009,38.8292007,-77.0033035
ADW,2009,38.9082985,-77.0635986
ADW,2009,38.8849983,-76.9580994
ADW,2009,38.8306007,-77.0056
ADW,2009,38.9490013,-77.0800018
ADW,2009,38.8764992,-76.9309006
ADW,2009,38.9281998,-76.9686966
ADW,2009,38.9085007,-77.0147018
ADW,2009,38.9281998,-76.9953995
ADW,2009,38.8590012,-76.9934006
ADW,2009,38.8391991,-76.9962997
ADW,2009,38.9472008,-77.0326996
ADW,2009,38.8903999,-76.9544983
ADW,2009,38.9449005,-77.004303
ADW,2009,38.8534012,-76.9860001
ADW,2009,38.9832001,-77.0251999
ADW,2009,38.9014015,-76.9459
ADW,2009,38.9077988,-77.0335999
ADW,2009,38.921299,-77.0105972
ADW,2009,38.8507004,-76.9946976
ADW,2009,38.9077988,-77.0335999
ADW,2009,38.9045982,-77.0541992
ADW,2009,38.9463005,-77.030098
ADW,2009,38.8965988,-76.9798965
ADW,2009,38.8554993,-76.9779968
ADW,2009,38.9324989,-76.9936981
ADW,2009,38.9784012,-77.0549011
ADW,2009,38.8911018,-76.9834976
ADW,2009,38.8465996,-76.9978027
ADW,2009,38.9546013,-77.0242004
ADW,2009,38.9029007,-77.047699
ADW,2009,38.9530983,-77.0269012
ADW,2009,38.827301,-77.0001984
ADW,2009,38.8195992,-77.0093994
ADW,2009,38.9063988,-77.0098038
ADW,2009,38.8950005,-76.9389038
ADW,2009,38.8880997,-76.9511032
ADW,2009,38.9305,-77.0343018
ADW,2009,38.8787994,-77.0140991
ADW,2009,38.9304008,-77.0385971
ADW,2009,38.9073982,-76.9313965
ADW,2009,38.9031982,-77.0616989
ADW,2009,38.8516998,-76.9837036
ADW,2009,38.843399,-76.9946976
ADW,2009,38.8474007,-76.9728012
ADW,2009,38.9449005,-77.0243988
ADW,2009,38.8974991,-77.0062027
ADW,2009,38.8409996,-76.9934006
ADW,2009,38.9030991,-76.9754028
ADW,2009,38.9483986,-77.0794983
ADW,2009,38.9389,-77.0335007
ADW,2009,38.9524002,-77.0218964
ADW,2009,38.903801,-77.0130005
ADW,2009,38.8700981,-76.9831009
ADW,2009,38.8731003,-77.0091019
ADW,2009,38.9323006,-76.9923019
ADW,2009,38.928299,-77.0343018
ADW,2009,38.8987999,-76.9777985
ADW,2009,38.9524002,-77.0274963
ADW,2009,38.8362007,-77.0070038
ADW,2009,38.9600983,-77.0719986
ADW,2009,38.8292007,-76.998497
ADW,2009,38.8507996,-76.9703979
ADW,2009,38.9413986,-77.0178986
ADW,2009,38.9266014,-77.0249023
ADW,2009,38.8507996,-76.9705963
ADW,2009,38.9678001,-77.033699
ADW,2009,38.9057999,-77.028801
ADW,2009,38.9057999,-77.028801
ADW,2009,38.9245987,-77.0347977
ADW,2009,38.9501991,-77.0169983
ADW,2009,38.8566017,-76.9748993
ADW,2009,38.8903999,-76.9355011
ADW,2009,38.9070015,-77.0157013
ADW,2009,38.9278984,-77.0270996
ADW,2009,38.9239006,-76.9853973
ADW,2009,38.8339005,-76.9905014
ADW,2009,38.8844986,-76.9250031
ADW,2009,38.8939018,-76.9255981
ADW,2009,38.9084015,-77.0058975
ADW,2009,38.9370003,-77.0329971
ADW,2009,38.9494019,-77.080101
ADW,2009,38.9322014,-77.0330963
ADW,2009,38.9645996,-77.0355988
ADW,2009,38.9542007,-77.0231018
ADW,2009,38.8320999,-77.007103
ADW,2009,38.9073982,-77.009697
ADW,2009,38.9611015,-77.0192032
ADW,2009,38.8235016,-77.0074005
ADW,2009,38.8959999,-76.9786987
ADW,2009,38.8546982,-76.9784012
ADW,2009,38.8469009,-76.9830017
ADW,2009,38.9216003,-77.0317001
ADW,2009,38.9729996,-77.0264969
ADW,2009,38.8947983,-76.9290009
ADW,2009,38.8450012,-76.9802017
ADW,2009,38.914299,-77.001503
ADW,2009,38.8987007,-76.9316025
ADW,2009,38.8376999,-76.9972
ADW,2009,38.9252014,-76.9952011
ADW,2009,38.9231987,-76.9845963
ADW,2009,38.9243011,-77.0418015
ADW,2009,38.8450012,-76.9972992
ADW,2009,38.9324989,-76.9936981
ADW,2009,38.8950996,-77.0123978
ADW,2009,38.8881989,-76.9558029
ADW,2009,38.9020004,-76.9719009
ADW,2009,38.8983994,-76.9906006
ADW,2009,38.9126015,-76.9899979
ADW,2009,38.9410019,-77.0318985
ADW,2009,38.844799,-76.9772034
ADW,2009,38.8404007,-77.0006027
ADW,2009,38.9271011,-77.0326996
ADW,2009,38.9511986,-77.0124969
ADW,2009,38.888401,-76.9288025
ADW,2009,38.8921013,-76.9477997
ADW,2009,38.926899,-77.0259018
ADW,2009,38.8395996,-76.9937973
ADW,2009,38.915699,-77.0037994
ADW,2009,38.8814011,-76.9284973
ADW,2009,38.9071999,-77.0074997
ADW,2009,38.8959999,-76.9152985
ADW,2009,38.8538017,-76.9853973
ADW,2009,38.9440994,-77.0122986
ADW,2009,38.9135017,-77.0222015
ADW,2009,38.8960991,-77.0161972
ADW,2009,38.8597984,-76.9953995
ADW,2009,38.8426018,-76.987999
ADW,2009,38.9000015,-77.0215988
ADW,2009,38.8326988,-76.9889984
ADW,2009,38.9155998,-77.0319977
ADW,2009,38.9387016,-77.023201
ADW,2009,38.9029999,-76.995903
ADW,2009,38.9296989,-77.0248032
ADW,2009,38.9408989,-77.0175018
ADW,2009,38.8974991,-77.0062027
ADW,2009,38.9252014,-76.9952011
ADW,2009,38.9241982,-77.0327988
ADW,2009,38.9117012,-77.0124969
ADW,2009,38.9487,-77.0903015
ADW,2009,38.8955002,-76.9822006
ADW,2009,38.9438019,-77.0139999
ADW,2009,38.8815994,-77.0134964
ADW,2009,38.8568001,-76.9717026
ADW,2009,38.8900986,-76.9434967
ADW,2009,38.837101,-76.9893036
ADW,2009,38.8241997,-77.0084
ADW,2009,38.8835983,-76.9944
ADW,2009,38.9062996,-76.9858017
ADW,2009,38.9313011,-77.0206985
ADW,2009,38.9117012,-77.0625
ADW,2009,38.9267006,-76.9609985
ADW,2009,38.9606018,-77.0294037
ADW,2009,38.8465004,-76.9975967
ADW,2009,38.8633003,-76.9692993
ADW,2009,38.8325996,-77.0056
ADW,2009,38.8504982,-76.9660034
ADW,2009,38.9095001,-77.0469971
ADW,2009,38.9674988,-77.0274963
ADW,2009,38.9145012,-77.0457993
ADW,2009,38.8456001,-76.9785995
ADW,2009,38.8316002,-77
ADW,2009,38.8997993,-76.9941025
ADW,2009,38.9598007,-77.0018005
ADW,2009,38.8227997,-76.9992981
ADW,2009,38.8855019,-76.9501038
ADW,2009,38.8874016,-76.9344025
ADW,2009,38.9402008,-77.0217972
ADW,2009,38.8618011,-76.9860001
ADW,2009,38.9119987,-77.0365982
ADW,2009,38.9138985,-77.0314026
ADW,2009,38.9296989,-77.0156021
ADW,2009,38.9019012,-77.0322037
ADW,2009,38.901001,-77.0404968
ADW,2009,38.8713989,-77.0123978
ADW,2009,38.9071007,-76.9878006
ADW,2009,38.9473991,-77.026001
ADW,2009,38.9095001,-76.9310989
ADW,2009,38.8988991,-76.9421997
ADW,2009,38.8998985,-77.0472031
ADW,2009,38.9067993,-77.0267029
ADW,2009,38.9029999,-76.9944
ADW,2009,38.9090004,-76.9318008
ADW,2009,38.8303986,-77.0009003
ADW,2009,38.9338989,-77.0236969
ADW,2009,38.8403015,-76.9973984
ADW,2009,38.898201,-76.9794006
ADW,2009,38.9655991,-77.0274963
ADW,2009,38.8925018,-76.9429016
ADW,2009,38.8932991,-76.9791031
ADW,2009,38.9715004,-77.0277023
ADW,2009,38.9171982,-76.9785004
ADW,2009,38.9067993,-77.0267029
ADW,2009,38.9310989,-77.0343018
ADW,2009,38.8773994,-77.0037994
ADW,2009,38.9822006,-77.0255966
ADW,2009,38.9057999,-76.9787979
ADW,2009,38.9350014,-77.0243988
ADW,2009,38.9062996,-77.0080032
ADW,2009,38.8993988,-76.9776001
ADW,2009,38.8418007,-76.9862976
ADW,2009,38.9001999,-76.9950027
ADW,2009,38.9051018,-77.0094986
ADW,2009,38.8569984,-76.9676971
ADW,2009,38.8730011,-76.9768982
ADW,2009,38.9094009,-77.0317001
ADW,2009,38.8889999,-76.9269028
ADW,2009,38.8465004,-76.9975967
ADW,2009,38.9029007,-77.047699
ADW,2009,38.8655014,-76.985199
ADW,2009,38.9067993,-77.0273972
ADW,2009,38.9589996,-77.0842972
ADW,2009,38.8451004,-76.9787979
ADW,2009,38.8782005,-76.9904022
ADW,2009,38.9065018,-77.027298
ADW,2009,38.8666992,-76.9793015
ADW,2009,38.953701,-77.0178986
ADW,2009,38.9149017,-77.0458984
ADW,2009,38.9203987,-76.9850998
ADW,2009,38.846199,-76.9988022
ADW,2009,38.9436989,-77.061203
ADW,2009,38.9196014,-77.0119019
ADW,2009,38.8376999,-77.0056
ADW,2009,38.8390007,-76.9972
ADW,2009,38.9278984,-77.0323029
ADW,2009,38.9193993,-77.0162964
ADW,2009,38.9048004,-76.9349976
ADW,2009,38.8633003,-76.989502
ADW,2009,38.9331017,-77.0207977
ADW,2009,38.9720993,-77.0273972
ADW,2009,38.9085007,-77.0373993
ADW,2009,38.9174004,-77.032402
ADW,2009,38.8700981,-76.9831009
ADW,2009,38.8848,-76.9356995
ADW,2009,38.8995018,-76.9505005
ADW,2009,38.9504013,-77.0084
ADW,2009,38.9415016,-77.0171967
ADW,2009,38.906601,-76.9327011
ADW,2009,38.9019012,-77.0129013
ADW,2009,38.8967018,-76.9807968
ADW,2009,38.9188995,-76.9757004
ADW,2009,38.8987007,-76.9725037
ADW,2009,38.9542999,-76.9888992
ADW,2009,38.8961983,-76.922699
ADW,2009,38.8451004,-76.9775009
ADW,2009,38.8465996,-77.0048981
ADW,2009,38.8939018,-76.9777985
ADW,2009,38.9294014,-76.9605026
ADW,2009,38.8936005,-76.9819031
ADW,2009,38.8378983,-76.9800034
ADW,2009,38.8773003,-76.9946976
ADW,2009,38.9367981,-77.0330963
ADW,2009,38.9168015,-77.0242004
ADW,2009,38.8470001,-76.9730988
ADW,2009,38.8464012,-76.9973984
ADW,2009,38.910099,-77.044899
ADW,2009,38.8988991,-76.9950027
ADW,2009,38.8889008,-76.9346008
ADW,2009,38.9329987,-77.0233002
ADW,2009,38.9417,-77.0218964
ADW,2009,38.8218002,-77.0014038
ADW,2009,38.899601,-76.9726028
ADW,2009,38.9273987,-77.0299988
ADW,2009,38.9272995,-77.0307999
ADW,2009,38.9028015,-76.9960022
ADW,2009,38.9053993,-76.9751968
ADW,2009,38.8412018,-76.9873962
ADW,2009,38.9529991,-77.0142975
ADW,2009,38.9110985,-77.044899
ADW,2009,38.9174004,-77.0033035
ADW,2009,38.8311996,-76.9933014
ADW,2009,38.8347015,-77.0072021
ADW,2009,38.8713989,-76.9816971
ADW,2009,38.9049988,-77.0010986
ADW,2009,38.9292984,-77.0102005
ADW,2009,38.9505997,-77.0156021
ADW,2009,38.8846016,-76.9773026
ADW,2009,38.9273987,-77.0299988
ADW,2009,38.9532013,-77.0131989
ADW,2009,38.9068985,-77.0342026
ADW,2009,38.8885002,-76.9787979
ADW,2009,38.9006996,-76.9946976
ADW,2009,38.9249001,-76.969902
ADW,2009,38.9406013,-77.0292969
ADW,2009,38.8903999,-76.9374008
ADW,2009,38.861599,-76.9862976
ADW,2009,38.8412018,-76.9873962
ADW,2009,38.9389,-77.0323029
ADW,2009,38.9053001,-77.0677032
ADW,2009,38.9560013,-77.0318985
ADW,2009,38.9528008,-77.0093994
ADW,2009,38.8460999,-76.9776001
ADW,2009,38.9132004,-77.0029984
ADW,2009,38.8726997,-76.9700012
ADW,2009,38.8949013,-76.9938965
ADW,2009,38.8767014,-76.9326019
ADW,2009,38.8554001,-76.9692993
ADW,2009,38.8452988,-77.0184021
ADW,2009,38.9057999,-76.941597
ADW,2009,38.8869019,-76.9358978
ADW,2009,38.8678017,-76.9723969
ADW,2009,38.906601,-76.9327011
ADW,2009,38.8945007,-76.9297028
ADW,2009,38.8986015,-76.9775009
ADW,2009,38.9632988,-77.0347977
ADW,2009,38.9632988,-77.0347977
ADW,2009,38.842701,-76.9844971
ADW,2009,38.8317986,-77.0044022
ADW,2009,38.9057999,-77.028801
ADW,2009,38.9090996,-76.9991989
ADW,2009,38.9488983,-77.0248032
ADW,2009,38.8905983,-77.0220032
ADW,2009,38.8277016,-77.0007019
ADW,2009,38.8757019,-77.0112
ADW,2009,38.8950996,-76.9571991
ADW,2009,38.8829994,-76.9250031
ADW,2009,38.8936996,-76.9376984
ADW,2009,38.9309998,-77.0286026
ADW,2009,38.9188995,-77.0332031
ADW,2009,38.9584007,-77.0714035
ADW,2009,38.8576012,-76.9730988
ADW,2009,38.9067993,-77.0273972
ADW,2009,38.9151001,-76.9858017
ADW,2009,38.8642006,-76.947197
ADW,2009,38.8470001,-77.0003967
ADW,2009,38.9207001,-77.0333023
ADW,2009,38.9347,-77.0299988
ADW,2009,38.9576988,-77.0238037
ADW,2009,38.9394989,-77.032402
ADW,2009,38.894001,-76.9273987
ADW,2009,38.9308014,-77.0369034
ADW,2009,38.8586006,-76.9992981
ADW,2009,38.8321991,-77.0052032
ADW,2009,38.905201,-77.0673981
ADW,2009,38.8479996,-76.9747009
ADW,2009,38.9418983,-77.0242004
ADW,2009,38.8755989,-76.968399
ADW,2009,38.9211006,-77.0307999
ADW,2009,38.9044991,-76.9832001
ADW,2009,38.9353981,-77.0297012
ADW,2009,38.9122009,-76.9365005
ADW,2009,38.962101,-77.0263977
ADW,2009,38.8978996,-77.0210037
ADW,2009,38.8967018,-77.0183029
ADW,2009,38.8442001,-76.9992981
ADW,2009,38.8722,-77.0093002
ADW,2009,38.8552017,-76.9897003
ADW,2009,38.8292007,-76.9983978
ADW,2009,38.9180984,-77.0070038
ADW,2009,38.9454002,-77.0268021
ADW,2009,38.8511009,-76.9673996
ADW,2009,38.8819008,-76.9397964
ADW,2009,38.8916016,-76.9386978
ADW,2009,38.8950996,-77.0136032
ADW,2009,38.9031982,-77.0164032
ADW,2009,38.8992004,-76.9436035
ADW,2009,38.9071999,-77.0218964
ADW,2009,38.8614006,-76.9708023
ADW,2009,38.9496002,-77.0264969
ADW,2009,38.8973999,-76.9763031
ADW,2009,38.8871002,-76.9462967
ADW,2009,38.9252014,-77.033699
ADW,2009,38.8642006,-76.947197
ADW,2009,38.8362007,-76.9877014
ADW,2009,38.8777008,-76.9316025
ADW,2009,38.8277016,-77.0002975
ADW,2009,38.9067993,-77.0208969
ADW,2009,38.9019012,-77.0322037
ADW,2009,38.837101,-77.0024033
ADW,2009,38.9329987,-77.0238037
ADW,2009,38.9025002,-77.0457993
ADW,2009,38.9399986,-77.0223007
ADW,2009,38.9047012,-77.0091019
ADW,2009,38.8877983,-76.9816971
ADW,2009,38.9407997,-77.0326996
ADW,2009,38.9098015,-77.0482025
ADW,2009,38.8446999,-76.9847031
ADW,2009,38.9332008,-77.0279007
ADW,2009,38.8448982,-76.9720993
ADW,2009,38.8977013,-76.973999
ADW,2009,38.9529991,-77.0142975
ADW,2009,38.8465004,-76.9772034
ADW,2009,38.9110985,-77.0048981
ADW,2009,38.8624992,-76.9723969
ADW,2009,38.8604012,-76.9944992
ADW,2009,38.8595009,-76.9873962
ADW,2009,38.8792992,-76.9882965
ADW,2009,38.9056015,-77.018898
ADW,2009,38.9314995,-76.9916992
ADW,2009,38.8891983,-76.9366989
ADW,2009,38.9109993,-77.0161972
ADW,2009,38.9572983,-77.0241013
ADW,2009,38.8298988,-77.0074005
ADW,2009,38.9538002,-76.9922028
ADW,2009,38.9606018,-77.0007019
ADW,2009,38.899601,-76.9450989
ADW,2009,38.8921013,-76.9111023
ADW,2009,38.9249001,-77.0229034
ADW,2009,38.9327011,-77.0342026
ADW,2009,38.8465996,-76.9800034
ADW,2009,38.8535004,-76.9847031
ADW,2009,38.8625984,-76.9816971
ADW,2009,38.8610001,-76.9972992
ADW,2009,38.9071999,-76.9514008
ADW,2009,38.8208008,-77.0100021
ADW,2009,38.8628006,-76.969101
ADW,2009,38.9023018,-76.9493027
ADW,2009,38.9085007,-77.0423965
ADW,2009,38.9169006,-76.955101
ADW,2009,38.8456993,-76.9805984
ADW,2009,38.8456993,-76.9805984
ADW,2009,38.8549995,-76.9722977
ADW,2009,38.8223991,-77.0072021
ADW,2009,38.899601,-76.9450989
ADW,2009,38.8819008,-76.9385986
ADW,2009,38.9402008,-77.061203
ADW,2009,38.8622017,-76.981102
ADW,2009,38.8695984,-76.9793015
ADW,2009,38.8875008,-76.9356995
ADW,2009,38.9359016,-77.0334015
ADW,2009,38.8997002,-77.020401
ADW,2009,38.8586998,-76.9860001
ADW,2009,38.9056015,-77.018898
ADW,2009,38.9051018,-76.9774017
ADW,2009,38.8937988,-76.9520035
ADW,2009,38.9043999,-76.9817963
ADW,2009,38.9053001,-76.9328995
ADW,2009,38.9622002,-76.9989014
ADW,2009,38.9309998,-77.0356979
ADW,2009,38.9047012,-77.0618973
ADW,2009,38.8787994,-77.0050964
ADW,2009,38.9309998,-77.0356979
ADW,2009,38.884201,-76.9587021
ADW,2009,38.8741989,-77.0112
ADW,2009,38.9252014,-77.033699
ADW,2009,38.8849983,-76.9544983
ADW,2009,38.8564987,-76.9732971
ADW,2009,38.9056015,-77.018898
ADW,2009,38.8394012,-77.0009995
ADW,2009,38.8554001,-76.9915009
ADW,2009,38.9239998,-76.9860001
ADW,2009,38.8959999,-76.9565964
ADW,2009,38.8600006,-76.9962997
ADW,2009,38.8465004,-77.0008011
ADW,2009,38.9023018,-77.0430984
ADW,2009,38.9196014,-76.9748993
ADW,2009,38.9042015,-77.0208969
ADW,2009,38.9378014,-77.0221024
ADW,2009,38.9548988,-77.0243988
ADW,2009,38.9548988,-77.0243988
ADW,2009,38.9287987,-77.0326996
ADW,2009,38.8899002,-77.0140991
ADW,2009,38.9057007,-76.9503021
ADW,2009,38.9137993,-77.0195999
ADW,2009,38.9530983,-77.0326004
ADW,2009,38.8964996,-76.9177017
ADW,2009,38.8941002,-76.9260025
ADW,2009,38.853199,-76.981102
ADW,2009,38.9543991,-77.0136032
ADW,2009,38.8978996,-77.0210037
ADW,2009,38.8409996,-76.9974976
ADW,2009,38.9007988,-76.9468994
ADW,2009,38.8330994,-77.0058975
ADW,2009,38.8987999,-77.0211029
ADW,2009,38.9057999,-77.0221024
ADW,2009,38.8880997,-76.927002
ADW,2009,38.8995018,-76.9785004
ADW,2009,38.8919983,-76.9136963
ADW,2009,38.8796997,-76.9885025
ADW,2009,38.8474007,-76.9728012
ADW,2009,38.9019012,-77.0320969
ADW,2009,38.9562988,-77.0258026
ADW,2009,38.9071999,-77.0121994
ADW,2009,38.9073982,-77.0394974
ADW,2009,38.9014015,-76.9817963
ADW,2009,38.8321991,-76.9935989
ADW,2009,38.9440002,-77.0327988
ADW,2009,38.905201,-77.0110016
ADW,2009,38.9524994,-77.0072021
ADW,2009,38.9682007,-77.0090027
ADW,2009,38.9071999,-77.0218964
ADW,2009,38.9444008,-77.0643005
ADW,2009,38.9291,-77.0372009
ADW,2009,38.8638,-76.9886017
ADW,2009,38.9057007,-77.0630035
ADW,2009,38.9305,-77.0339966
ADW,2009,38.8806,-76.9849014
ADW,2009,38.8997002,-76.9328003
ADW,2009,38.8641014,-76.9843979
ADW,2009,38.864399,-76.9869003
ADW,2009,38.9197998,-77.0323029
ADW,2009,38.8405991,-76.9906998
ADW,2009,38.9160004,-77.021698
ADW,2009,38.8406982,-77.0001984
ADW,2009,38.8539009,-76.9873962
ADW,2009,38.9426003,-77.0231018
ADW,2009,38.9448013,-77.0266037
ADW,2009,38.9376984,-77.0344009
ADW,2009,38.8872986,-76.9356003
ADW,2009,38.864399,-76.9555969
ADW,2009,38.8885002,-76.9813004
ADW,2009,38.9309998,-77.0339966
ADW,2009,38.8900986,-76.9834976
ADW,2009,38.899601,-76.9243011
ADW,2009,38.9421005,-77.024498
ADW,2009,38.8950996,-77.0136032
ADW,2009,38.9365005,-77.0254974
ADW,2009,38.8582993,-76.9890976
ADW,2009,38.9001999,-77.0222015
ADW,2009,38.896801,-76.9837036
ADW,2009,38.9053993,-77.0438995
ADW,2009,38.8679008,-76.941803
ADW,2009,38.9266014,-77.0636978
ADW,2009,38.9385986,-77.0246964
ADW,2009,38.9213982,-77.072403
ADW,2009,38.9098015,-77.0482025
ADW,2009,38.9171982,-77.0057983
ADW,2009,38.8753014,-76.9340973
ADW,2009,38.8862,-76.9542999
ADW,2009,38.9057007,-77.0325012
ADW,2009,38.902401,-76.973999
ADW,2009,38.8408012,-77.0001984
ADW,2009,38.9029007,-76.9832993
ADW,2009,38.9561996,-76.9961014
ADW,2009,38.8877983,-76.9274979
ADW,2009,38.9028015,-77.0342026
ADW,2009,38.9277,-77.0342026
ADW,2009,38.8806992,-76.9897995
ADW,2009,38.9542007,-76.9891968
ADW,2009,38.842701,-76.9878998
ADW,2009,38.8582993,-76.9910965
ADW,2009,38.9474983,-77.0166016
ADW,2009,38.9192009,-77.0185013
ADW,2009,38.9025002,-77.0449982
ADW,2009,38.9347992,-76.9769974
ADW,2009,38.9281006,-76.9608994
ADW,2009,38.8590012,-76.9878998
ADW,2009,38.9192009,-77.0404968
ADW,2009,38.9067993,-77.0273972
ADW,2009,38.8424988,-76.9875031
ADW,2009,38.8628998,-76.979599
ADW,2009,38.8539009,-76.9844971
ADW,2009,38.8350983,-77.0024033
ADW,2009,38.9160995,-77.0143967
ADW,2009,38.8406982,-76.9897995
ADW,2009,38.8893013,-76.9403
ADW,2009,38.9119987,-77.0381012
ADW,2009,38.8232002,-77.0089035
ADW,2009,38.9230995,-76.9891968
ADW,2009,38.841301,-76.9980011
ADW,2009,38.8320999,-76.9942017
ADW,2009,38.8437996,-77.001503
ADW,2009,38.9269981,-76.9962006
ADW,2009,38.8824997,-76.995697
ADW,2009,38.9263,-76.9981003
ADW,2009,38.9006996,-77.0501022
ADW,2009,38.8807983,-76.9292984
ADW,2009,38.8763008,-76.9328003
ADW,2009,38.8963013,-76.9298019
ADW,2009,38.8540001,-76.9654999
ADW,2009,38.8946991,-77.0137024
ADW,2009,38.8916016,-76.9537964
ADW,2009,38.9124985,-77.0201035
ADW,2009,38.9430008,-76.9863968
ADW,2009,38.8987999,-76.9468002
ADW,2009,38.8759003,-77.013298
ADW,2009,38.9454994,-77.0776978
ADW,2009,38.8782997,-76.9906998
ADW,2009,38.8974991,-77.0062027
ADW,2009,38.9095993,-77.0457001
ADW,2009,38.8428993,-76.9975967
ADW,2009,38.9644012,-77.0034027
ADW,2009,38.8875999,-76.9561005
ADW,2009,38.8592987,-76.9952011
ADW,2009,38.8549004,-76.989502
ADW,2009,38.9110985,-77.0650024
ADW,2009,38.8699989,-76.9787979
ADW,2009,38.9458008,-77.064003
ADW,2009,38.8297997,-77.0025024
ADW,2009,38.9364014,-77.0243988
ADW,2009,38.8973007,-77.0028
ADW,2009,38.8679008,-76.941803
ADW,2009,38.8913994,-76.9515991
ADW,2009,38.8745995,-77.0127029
ADW,2009,38.8834,-76.9285965
ADW,2009,38.9019012,-77.0322037
ADW,2009,38.9049988,-77.0438995
ADW,2009,38.8875008,-76.9311981
ADW,2009,38.9025002,-77.036499
ADW,2009,38.9137001,-77.0225983
ADW,2009,38.8292007,-77.0005035
ADW,2009,38.9617996,-77.0318985
ADW,2009,38.8569984,-76.9885025
ADW,2009,38.9037018,-77.017601
ADW,2009,38.8813019,-76.9955978
ADW,2009,38.9043007,-77.0103989
ADW,2009,38.9283981,-77.0215988
ADW,2009,38.9039001,-76.9448013
ADW,2009,38.9051018,-77.0094986
ADW,2009,38.8772011,-77.0149002
ADW,2009,38.9241982,-77.0327988
ADW,2009,38.905201,-77.0282974
ADW,2009,38.8930016,-76.9325027
ADW,2009,38.9283981,-77.0350037
ADW,2009,38.9068985,-76.9876022
ADW,2009,38.8963013,-76.927002
ADW,2009,38.9071999,-77.0121994
ADW,2009,38.8350983,-77.0045013
ADW,2009,38.8846016,-76.9773026
ADW,2009,38.8951988,-76.9485016
ADW,2009,38.8320007,-77.0008011
ADW,2009,38.9061012,-76.9759979
ADW,2009,38.868,-76.9833984
ADW,2009,38.9459,-77.0254974
ADW,2009,38.9612007,-77.0164032
ADW,2009,38.8498993,-76.9751968
ADW,2009,38.8767014,-76.9651031
ADW,2009,38.9366989,-77.0199966
ADW,2009,38.8553009,-76.9717026
ADW,2009,38.9729996,-77.0270004
ADW,2009,38.8992996,-76.9736023
ADW,2009,38.823101,-77.0075989
ADW,2009,38.903801,-76.9985962
ADW,2009,38.9648018,-77.020401
ADW,2009,38.8585014,-76.9985962
ADW,2009,38.9168015,-77.0080032
ADW,2009,38.9028015,-77.0390015
ADW,2009,38.895401,-76.9378967
ADW,2009,38.9124985,-76.9876022
ADW,2009,38.9033012,-77.039299
ADW,2009,38.8446999,-76.9999008
ADW,2009,38.9071999,-77
ADW,2009,38.8773994,-77.0145035
ADW,2009,38.8614006,-76.9737015
ADW,2009,38.8499985,-76.9738998
ADW,2009,38.9197998,-77.0006027
ADW,2009,38.8499985,-76.9738998
ADW,2009,38.8703995,-76.9810028
ADW,2009,38.9480019,-77.0165024
ADW,2009,38.9188995,-77.0326996
ADW,2009,38.8936996,-76.9289017
ADW,2009,38.9398003,-76.9860992
ADW,2009,38.9742012,-77.0183029
ADW,2009,38.8284988,-77.0011978
ADW,2009,38.8359985,-77.0026016
ADW,2009,38.8782997,-76.9906998
ADW,2009,38.8348007,-77.0018997
ADW,2009,38.9327011,-77.0325012
ADW,2009,38.9578018,-76.9992981
ADW,2009,38.8978004,-76.9171982
ADW,2009,38.8227997,-77.0009003
ADW,2009,38.8807983,-76.9843979
ADW,2009,38.9548988,-77.0246964
ADW,2009,38.8992996,-77.0018005
ADW,2009,38.9037018,-77.0669022
ADW,2009,38.910099,-77.0056
ADW,2009,38.9155006,-77.0280991
ADW,2009,38.9580994,-77.0268021
ADW,2009,38.9384003,-77.0259018
ADW,2009,38.9063988,-77.0098038
ADW,2009,38.8731995,-76.9350967
ADW,2009,38.8801003,-76.9899979
ADW,2009,38.8488998,-76.9798965
ADW,2009,38.8991013,-76.9766006
ADW,2009,38.8485985,-76.9776993
ADW,2009,38.8983002,-77.0507965
ADW,2009,38.847599,-76.9688034
ADW,2009,38.8310013,-77.0036011
ADW,2009,38.8618011,-76.9860001
ADW,2009,38.9034004,-76.9287033
ADW,2009,38.9415016,-77.0311966
ADW,2009,38.9698982,-77.0189972
ADW,2009,38.9059982,-77.064003
ADW,2009,38.9070015,-76.9978027
ADW,2009,38.9053993,-76.9423981
ADW,2009,38.9272003,-77.0343018
ADW,2009,38.8292999,-76.998497
ADW,2009,38.9224014,-76.9789963
ADW,2009,38.8311996,-76.9983978
ADW,2009,38.8802986,-76.9906006
ADW,2009,38.9264984,-77.036499
ADW,2009,38.9255981,-77.038002
ADW,2009,38.9051018,-77.0094986
ADW,2009,38.8937988,-76.9496994
ADW,2009,38.9049988,-77.0636978
ADW,2009,38.9202995,-76.9981995
ADW,2009,38.9067993,-77.0267029
ADW,2009,38.9421997,-77.0138016
ADW,2009,38.8227997,-77.0074005
ADW,2009,38.8843994,-76.9955978
ADW,2009,38.9522018,-77.0223999
ADW,2009,38.905899,-77.0423965
ADW,2009,38.8919983,-76.9425964
ADW,2009,38.9001999,-76.9210968
ADW,2009,38.9281006,-77.0249023
ADW,2009,38.9415016,-77.0334015
ADW,2009,38.9477005,-77.0233994
ADW,2009,38.9365005,-77.0329971
ADW,2009,38.8975983,-77.0245972
ADW,2009,38.8998985,-76.9736023
ADW,2009,38.928299,-77.0343018
ADW,2009,38.8829994,-76.9403
ADW,2009,38.8917007,-76.9434967
ADW,2009,38.8967018,-76.9940033
ADW,2009,38.9522018,-77.023201
ADW,2009,38.9483986,-77.0159988
ADW,2009,38.9053993,-77.0268021
ADW,2009,38.8889008,-76.985199
ADW,2009,38.9180984,-77.0019989
ADW,2009,38.9705009,-77.0328979
ADW,2009,38.8471985,-76.9998016
ADW,2009,38.9516983,-77.0290985
ADW,2009,38.9524994,-77.0072021
ADW,2009,38.9208984,-76.990799
ADW,2009,38.8381996,-76.9980011
ADW,2009,38.9667015,-77.0276031
ADW,2009,38.9011993,-76.9248962
ADW,2009,38.9407997,-77.0311966
ADW,2009,38.9411011,-77.0197983
ADW,2009,38.8945999,-76.9291992
ADW,2009,38.8849983,-76.9781036
ADW,2009,38.8530006,-76.979599
ADW,2009,38.9337006,-77.0251999
ADW,2009,38.8693008,-76.9697037
ADW,2009,38.8512993,-76.9785004
ADW,2009,38.906601,-77.0632019
ADW,2009,38.8872986,-76.9301987
ADW,2009,38.8725014,-77.012001
ADW,2009,38.9552002,-77.0205002
ADW,2009,38.9632988,-77.0313034
ADW,2009,38.9715996,-77.0330963
ADW,2009,38.9224014,-77.028801
ADW,2009,38.9513016,-77.0235977
ADW,2009,38.9003983,-76.9406967
ADW,2009,38.8417015,-76.9973984
ADW,2009,38.8272018,-76.9994965
ADW,2009,38.8974991,-77.0062027
ADW,2009,38.8311005,-76.9994965
ADW,2009,38.8875999,-76.9574966
ADW,2009,38.8816986,-76.9880981
ADW,2009,38.9501991,-77.0251999
ADW,2009,38.9382019,-76.9941025
ADW,2009,38.9115982,-77.0240021
ADW,2009,38.8536987,-76.9661026
ADW,2009,38.9057999,-77.028801
ADW,2009,38.8468018,-77.004097
ADW,2009,38.9275017,-77.0230026
ADW,2009,38.8987007,-77.0217972
ADW,2009,38.9054985,-77.0650024
ADW,2009,38.9048004,-76.9871979
ADW,2009,38.9062996,-77.0080032
ADW,2009,38.8560982,-76.9685974
ADW,2009,38.9486008,-77.0152969
ADW,2009,38.8376999,-76.9802017
ADW,2009,38.9361992,-77.0329971
ADW,2009,38.8554001,-76.9915009
ADW,2009,38.8693008,-76.9697037
ADW,2009,38.9541016,-77.0005035
ADW,2009,38.9345016,-77.033699
ADW,2009,38.8823013,-76.9289017
ADW,2009,38.9094009,-77.0451965
ADW,2009,38.9095993,-76.935997
ADW,2009,38.8764,-77.0081024
ADW,2009,38.888401,-76.9288025
ADW,2009,38.8712006,-77.0118027
ADW,2009,38.9263,-77.0246964
ADW,2009,38.8969002,-76.9466019
ADW,2009,38.9328003,-77.0285034
ADW,2009,38.8894997,-76.9324036
ADW,2009,38.8981018,-76.9805984
ADW,2009,38.8939018,-76.9425964
ADW,2009,38.9051018,-77.0094986
ADW,2009,38.9267006,-77.0231018
ADW,2009,38.928299,-77.0343018
ADW,2009,38.8530998,-76.9660034
ADW,2009,38.8448982,-76.9778976
ADW,2009,38.9043999,-77.0123978
ADW,2009,38.9272003,-77.0274963
ADW,2009,38.9117012,-77.0124969
ADW,2009,38.8676987,-76.983902
ADW,2009,38.8978004,-76.9169998
ADW,2009,38.9425011,-76.9971008
ADW,2009,38.8686981,-76.9845963
ADW,2009,38.9317017,-77.036499
ADW,2009,38.9398003,-77.0190964
ADW,2009,38.8937988,-76.9403
ADW,2009,38.9370003,-77.0334015
ADW,2009,38.9168015,-77.0326996
ADW,2009,38.898201,-76.9188995
ADW,2009,38.9249001,-77.053299
ADW,2009,38.8922005,-76.9833984
ADW,2009,38.9115982,-76.935997
ADW,2009,38.8345985,-77.0020981
ADW,2009,38.8446999,-76.9716034
ADW,2009,38.8886986,-76.993103
ADW,2009,38.9213982,-77.0037003
ADW,2009,38.8292007,-76.9983978
ADW,2009,38.8899994,-76.9449005
ADW,2009,38.8442001,-76.9914017
ADW,2009,38.8608017,-76.9860992
ADW,2009,38.9146004,-76.9845963
ADW,2009,38.9280014,-77.0258026
ADW,2009,38.8437996,-76.9857025
ADW,2009,38.8437996,-76.9857025
ADW,2009,38.9301987,-77.0195999
ADW,2009,38.9332008,-77.0412979
ADW,2009,38.8965988,-76.9798965
ADW,2009,38.8218002,-77.0014038
ADW,2009,38.9001007,-76.9365997
ADW,2009,38.9166985,-76.9804993
ADW,2009,38.8851013,-76.9590988
ADW,2009,38.8664017,-76.9465027
ADW,2009,38.8782005,-76.9859009
ADW,2009,38.9305,-77.0267029
ADW,2009,38.9006004,-76.9797974
ADW,2009,38.9196014,-77.0625
ADW,2009,38.9505997,-76.9875031
ADW,2009,38.9146004,-77.0129013
ADW,2009,38.9182014,-77.0054016
ADW,2009,38.8224983,-77.0102997
ADW,2009,38.8921013,-76.9111023
ADW,2009,38.9445992,-77.0142975
ADW,2009,38.9110985,-77.0122986
ADW,2009,38.8969002,-76.9420013
ADW,2009,38.9132004,-77.0090027
ADW,2009,38.8647995,-76.9832993
ADW,2009,38.8879013,-76.9184036
ADW,2009,38.8658981,-76.9502029
ADW,2009,38.8950996,-77.0136032
ADW,2009,38.9020996,-76.9761963
ADW,2009,38.8445015,-76.9849014
ADW,2009,38.8436012,-76.9794998
ADW,2009,38.9202995,-77.0091019
ADW,2009,38.9292984,-76.9765015
ADW,2009,38.8811989,-76.9274979
ADW,2009,38.9424019,-77.0139008
ADW,2009,38.9001007,-76.9721985
ADW,2009,38.9659996,-77.0338974
ADW,2009,38.9135017,-77.0222015
ADW,2009,38.9155998,-77.0218964
ADW,2009,38.8900986,-76.9877014
ADW,2009,38.8956985,-76.9375
ADW,2009,38.9538994,-77.0093994
ADW,2009,38.9015999,-76.9259033
ADW,2009,38.9422989,-77.0045013
ADW,2009,38.9230995,-77.0270004
ADW,2009,38.9606018,-77.024498
ADW,2009,38.9309998,-77.0282974
ADW,2009,38.8950005,-76.981102
ADW,2009,38.9051018,-77.031601
ADW,2009,38.9219017,-77.0430984
ADW,2009,38.9028015,-76.9991989
ADW,2009,38.9034004,-76.9735031
ADW,2009,38.9210014,-77.0790024
ADW,2009,38.8816986,-76.9424973
ADW,2009,38.8993988,-76.9826965
ADW,2009,38.8949013,-76.9785004
ADW,2009,38.8807983,-76.9292984
ADW,2009,38.8936996,-76.927002
ADW,2009,38.9014015,-76.9459
ADW,2009,38.8618011,-76.972702
ADW,2009,38.8330002,-76.9945984
ADW,2009,38.9337006,-77.023201
ADW,2009,38.9504013,-77.0123978
ADW,2009,38.8835983,-76.9292984
ADW,2009,38.8838005,-76.9595032
ADW,2009,38.8321991,-76.9873962
ADW,2009,38.921299,-77.030098
ADW,2009,38.9499016,-76.9933014
ADW,2009,38.9346008,-77.0332031
ADW,2009,38.8782005,-76.9904022
ADW,2009,38.9263992,-76.9595032
ADW,2009,38.8759995,-76.9657974
ADW,2009,38.8497009,-76.9729004
ADW,2009,38.8974991,-77.0062027
ADW,2009,38.8997993,-77.0516968
ADW,2009,38.8464012,-76.978302
ADW,2009,38.8553009,-76.9908981
ADW,2009,38.9020004,-76.9719009
ADW,2009,38.8454018,-76.9981003
ADW,2009,38.889801,-76.9375
ADW,2009,38.8436012,-76.987999
ADW,2009,38.9207001,-77.0332031
ADW,2009,38.9506989,-76.9946976
ADW,2009,38.868,-76.968399
ADW,2009,38.9085007,-77.0147018
ADW,2009,38.8978004,-76.9802017
ADW,2009,38.8959007,-76.9816971
ADW,2009,38.8969002,-76.9417038
ADW,2009,38.8989983,-76.9814987
ADW,2009,38.8577995,-76.9741974
ADW,2009,38.9091988,-76.9868011
ADW,2009,38.9110985,-77.0229034
ADW,2009,38.9364014,-77.0329971
ADW,2009,38.8777008,-76.9960022
ADW,2009,38.8375015,-77.0025024
ADW,2009,38.9023018,-77.0430984
ADW,2009,38.9044991,-77.0491028
ADW,2009,38.9361,-77.0348969
ADW,2009,38.9182014,-76.9549026
ADW,2009,38.8988991,-76.9421997
ADW,2009,38.9502983,-77.0294037
ADW,2009,38.8311005,-76.9929962
ADW,2009,38.9030991,-77.044899
ADW,2009,38.9305,-77.0339966
ADW,2009,38.9320984,-77.0371017
ADW,2009,38.9446983,-77.0052032
ADW,2009,38.9090996,-76.9990005
ADW,2009,38.8644981,-76.9741974
ADW,2009,38.9006004,-77.0294037
ADW,2009,38.8806992,-76.9273987
ADW,2009,38.9095993,-77.0319977
ADW,2009,38.8928986,-76.9256973
ADW,2009,38.9007988,-76.9337006
ADW,2009,38.9012985,-76.9772034
ADW,2009,38.8302002,-77.0017014
ADW,2009,38.9003983,-77.0412979
ADW,2009,38.9416008,-76.9886017
ADW,2009,38.903801,-76.9339981
ADW,2009,38.8335991,-77.0062027
ADW,2009,38.8965988,-76.9188004
ADW,2009,38.9345016,-77.0298004
ADW,2009,38.9203987,-77.0008011
ADW,2009,38.9094009,-77.0317001
ADW,2009,38.899601,-77.0248032
ADW,2009,38.8596992,-76.9972
ADW,2009,38.8218994,-77.0057983
ADW,2009,38.8359985,-76.9847031
ADW,2009,38.8972015,-77.0496979
ADW,2009,38.8993988,-76.9726028
ADW,2009,38.8978996,-77.0210037
ADW,2009,38.8835983,-76.9944
ADW,2009,38.912899,-77.0234985
ADW,2009,38.9244995,-77.0309982
ADW,2009,38.9241982,-77.0402985
ADW,2009,38.9049988,-77.0636978
ADW,2009,38.8874016,-76.956398
ADW,2009,38.8288994,-77.001503
ADW,2009,38.9487991,-77.0258026
ADW,2009,38.8549004,-76.9655991
ADW,2009,38.8866005,-76.9580994
ADW,2009,38.9612007,-77.0294037
ADW,2009,38.950901,-77.0177994
ADW,2009,38.9051018,-76.9785995
ADW,2009,38.8908997,-76.9238968
ADW,2009,38.9031982,-77.0164032
ADW,2009,38.8984985,-76.9929962
ADW,2009,38.9457016,-77.0212021
ADW,2009,38.9235001,-76.9741974
ADW,2009,38.9239006,-76.9974976
ADW,2009,38.8913002,-76.9227982
ADW,2009,38.8414993,-76.9941025
ADW,2009,38.955101,-77.0215988
ADW,2009,38.9118996,-76.9860992
ADW,2009,38.9071007,-76.9877014
ADW,2009,38.8983994,-77.0218964
ADW,2009,38.8549004,-76.9712982
ADW,2009,38.8764992,-76.9326019
ADW,2009,38.9365997,-77.0238037
ADW,2009,38.9035988,-76.973999
ADW,2009,38.8967018,-76.9194031
ADW,2009,38.9241982,-77.0438995
ADW,2009,38.9033012,-77.0328979
ADW,2009,38.9207993,-77.0421982
ADW,2009,38.9048004,-76.9949036
ADW,2009,38.9584007,-77.0005035
ADW,2009,38.8515015,-76.9710007
ADW,2009,38.9518013,-77.0251007
ADW,2009,38.8941994,-76.9574966
ADW,2009,38.9224014,-76.9871979
ADW,2009,38.9113998,-76.935997
ADW,2009,38.9351006,-76.9779968
ADW,2009,38.9238014,-77.0320969
ADW,2009,38.906601,-77.027298
ADW,2009,38.8713989,-77.0130997
ADW,2009,38.8452988,-76.9974976
ADW,2009,38.8498001,-76.9723969
ADW,2009,38.9337006,-77.0239029
ADW,2009,38.8712997,-76.9682007
ADW,2009,38.8997002,-77.020401
ADW,2009,38.853199,-76.9639969
ADW,2009,38.9054985,-77.0101013
ADW,2009,38.9518013,-77.0972977
ADW,2009,38.8773003,-76.9972992
ADW,2009,38.9224014,-77.028801
ADW,2009,38.8549995,-76.9690018
ADW,2009,38.8821983,-76.9908981
ADW,2009,38.9502983,-77.0294037
ADW,2009,38.9002991,-76.9816971
ADW,2009,38.9392014,-77.0326996
ADW,2009,38.8767014,-76.9325027
ADW,2009,38.8581009,-76.9904022
ADW,2009,38.8750992,-76.9340973
ADW,2009,38.8310013,-76.9936981
ADW,2009,38.8851013,-76.936203
ADW,2009,38.8740005,-76.9661026
ADW,2009,38.8829002,-76.9882965
ADW,2009,38.8946991,-76.9280014
ADW,2009,38.8889008,-76.9813995
ADW,2009,38.9213982,-77.0447998
ADW,2009,38.9056015,-77.0121994
ADW,2009,38.9001999,-76.9955978
ADW,2009,38.922699,-77.028801
ADW,2009,38.8877983,-76.9894028
ADW,2009,38.9248009,-77.0328979
ADW,2009,38.8883018,-76.9820023
ADW,2009,38.9283981,-77.0223999
ADW,2009,38.8866005,-76.9417038
ADW,2009,38.9002991,-77.018898
ADW,2009,38.8436012,-76.987999
ADW,2009,38.8532982,-76.9654007
ADW,2009,38.8623009,-76.993103
ADW,2009,38.8936005,-76.9234009
ADW,2009,38.9002991,-77.035202
ADW,2009,38.8502998,-76.9843979
ADW,2009,38.8964005,-77.0154037
ADW,2009,38.9012985,-76.9521027
ADW,2009,38.8773994,-76.9321976
ADW,2009,38.8857994,-76.9217987
ADW,2009,38.9421005,-77.001503
ADW,2009,38.9762001,-77.0189972
ADW,2009,38.9520988,-77.0117035
ADW,2009,38.905201,-76.9887009
ADW,2009,38.9188995,-77.0229034
ADW,2009,38.8451004,-76.9973984
ADW,2009,38.9648018,-77.0231018
ADW,2009,38.9580002,-77.0093002
ADW,2009,38.912899,-77.0133972
ADW,2009,38.8973007,-77.0270996
ADW,2009,38.9202995,-76.9981995
ADW,2009,38.9165993,-77.0067978
ADW,2009,38.8493004,-76.982399
ADW,2009,38.9365005,-76.9938965
ADW,2009,38.9151001,-76.9866028
ADW,2009,38.9160004,-77.0320969
ADW,2009,38.9276009,-77.0297012
ADW,2009,38.9000015,-77.0221024
ADW,2009,38.9037018,-77.0466003
ADW,2009,38.9352989,-77.0326996
ADW,2009,38.9049988,-77.0630035
ADW,2009,38.9224014,-77.0422974
ADW,2009,38.8704987,-76.9692993
ADW,2009,38.9333,-77.0251999
ADW,2009,38.9264984,-77.0416031
ADW,2009,38.9154015,-77.021698
ADW,2009,38.892601,-76.9188995
ADW,2009,38.9020996,-76.9292984
ADW,2009,38.9501991,-77.0082016
ADW,2009,38.8977013,-76.9694977
ADW,2009,38.8320007,-76.9924011
ADW,2009,38.9567986,-77.0074997
ADW,2009,38.8540993,-76.9888
ADW,2009,38.9365005,-76.9938965
ADW,2009,38.918499,-77.0022964
ADW,2009,38.9504013,-76.9905014
ADW,2009,38.8847008,-76.9520035
ADW,2009,38.9151993,-77.004097
ADW,2009,38.9399986,-77.0226974
ADW,2009,38.8913002,-76.9240036
ADW,2009,38.8507004,-76.9946976
ADW,2009,38.9056015,-76.9990005
ADW,2009,38.8320007,-76.992897
ADW,2009,38.8540993,-76.971199
ADW,2009,38.9012985,-77.0406036
ADW,2009,38.9539986,-77.0251007
ADW,2009,38.9230995,-76.9998016
ADW,2009,38.9337006,-77.023201
ADW,2009,38.9252014,-77.0351028
ADW,2009,38.8568993,-76.9717026
ADW,2009,38.9034004,-76.9735031
ADW,2009,38.9459991,-77.0250015
ADW,2009,38.9235992,-76.9873962
ADW,2009,38.9332008,-77.0242004
ADW,2009,38.9244995,-77.0393982
ADW,2009,38.8602982,-76.9732971
ADW,2009,38.8722992,-77.0182037
ADW,2009,38.8782005,-76.9897003
ADW,2009,38.8983002,-76.9266968
ADW,2009,38.9287987,-77.0326004
ADW,2009,38.9594002,-77.0856018
ADW,2009,38.8297005,-77.0076981
ADW,2009,38.8378983,-76.9800034
ADW,2009,38.9502983,-76.9937973
ADW,2009,38.9233017,-77.0403976
ADW,2009,38.9275017,-76.9592972
ADW,2009,38.9525986,-76.9989014
ADW,2009,38.9007988,-76.9782028
ADW,2009,38.9183006,-77.0273972
ADW,2009,38.8455009,-76.9973984
ADW,2009,38.8609009,-76.9985962
ADW,2009,38.8950996,-76.9246979
ADW,2009,38.8473015,-76.976799
ADW,2009,38.9235992,-77.0409012
ADW,2009,38.9235992,-77.0409012
ADW,2009,38.9071999,-77.017601
ADW,2009,38.8456993,-76.979599
ADW,2009,38.860199,-76.9915009
ADW,2009,38.9108009,-77.0090027
ADW,2009,38.8875008,-76.9353027
ADW,2009,38.9412003,-77.0027008
ADW,2009,38.9166985,-77.0412979
ADW,2009,38.8689995,-76.9829025
ADW,2009,38.9253006,-77.0008011
ADW,2009,38.9239006,-76.9974976
ADW,2009,38.9519005,-77.0273972
ADW,2009,38.9003983,-76.9897003
ADW,2009,38.9283981,-77.0295029
ADW,2009,38.9510002,-77.0261993
ADW,2009,38.8814011,-76.9293976
ADW,2009,38.8782005,-76.9897003
ADW,2009,38.9561996,-76.9904022
ADW,2009,38.8572998,-76.9797974
ADW,2009,38.8782005,-76.9904022
ADW,2009,38.862999,-76.972702
ADW,2009,38.9122009,-76.9365005
ADW,2009,38.9350014,-77.0295029
ADW,2009,38.862999,-76.972702
ADW,2009,38.9491005,-77.0177002
ADW,2009,38.9617996,-77.0011978
ADW,2009,38.8507004,-76.9664993
ADW,2009,38.9616013,-77.0287018
ADW,2009,38.9487,-77.0185013
ADW,2009,38.8857994,-76.9599991
ADW,2009,38.9095001,-77.0261993
ADW,2009,38.8997993,-77.0151978
ADW,2009,38.9141006,-77.016098
ADW,2009,38.8832016,-76.9395981
ADW,2009,38.8386002,-76.9950027
ADW,2009,38.8991013,-76.9766006
ADW,2009,38.8713989,-76.9725037
ADW,2009,38.8955994,-76.9375
ADW,2009,38.9336014,-77.0441971
ADW,2009,38.9674988,-77.0287018
ADW,2009,38.8268013,-76.9998016
ADW,2009,38.8302002,-77.0017014
ADW,2009,38.8889008,-76.9512024
ADW,2009,38.8857994,-76.9527969
ADW,2009,38.846199,-76.9773026
ADW,2009,38.8238983,-76.9981003
ADW,2009,38.8241997,-76.998703
ADW,2009,38.8947983,-76.9797974
ADW,2009,38.9080009,-76.9803009
ADW,2009,38.8925018,-76.947403
ADW,2009,38.9239998,-77.0261002
ADW,2009,38.8538017,-76.9710007
ADW,2009,38.9031982,-76.972702
ADW,2009,38.9492989,-77.0081024
ADW,2009,38.8661995,-76.9822006
ADW,2009,38.9378014,-77.0255966
ADW,2009,38.924099,-76.990097
ADW,2009,38.8577995,-76.9735031
ADW,2009,38.9193993,-76.9870987
ADW,2009,38.853199,-76.9716034
ADW,2009,38.8811989,-76.9397964
ADW,2009,38.8686981,-76.9854965
ADW,2009,38.821701,-77.0007019
ADW,2009,38.9126015,-77.0105972
ADW,2009,38.9244995,-77.0382996
ADW,2009,38.9361,-77.0348969
ADW,2009,38.8292007,-77.0009003
ADW,2009,38.8609009,-77.0005035
ADW,2009,38.9213982,-77.0728989
ADW,2009,38.8736,-77.0123978
ADW,2009,38.9502983,-77.0162964
ADW,2009,38.8446999,-76.9999008
ADW,2009,38.8828011,-76.9882965
ADW,2009,38.8361015,-77.0010986
ADW,2009,38.9039001,-77.0551987
ADW,2009,38.8806992,-76.9383011
ADW,2009,38.921299,-77.0338974
ADW,2009,38.8921013,-76.9497986
ADW,2009,38.8899002,-77.0140991
ADW,2009,38.9576988,-77.0205002
ADW,2009,38.8611984,-76.9692993
ADW,2009,38.9513016,-77.0223007
ADW,2009,38.8660011,-76.986702
ADW,2009,38.8782005,-76.9897003
ADW,2009,38.9510994,-77.0280991
ADW,2009,38.9095993,-77.017601
ADW,2009,38.8834991,-76.9865036
ADW,2009,38.9012985,-76.9205017
ADW,2009,38.9281998,-77.0357971
ADW,2009,38.9317017,-77.0325012
ADW,2009,38.8336983,-76.987999
ADW,2009,38.9082985,-76.9862976
ADW,2009,38.9529991,-77.0186996
ADW,2009,38.9220009,-77.0429993
ADW,2009,38.8997993,-77.0198975
ADW,2009,38.8888016,-76.9481964
ADW,2009,38.8750992,-76.9680023
ADW,2009,38.8881989,-76.9561005
ADW,2009,38.8431015,-76.9868011
ADW,2009,38.8786011,-77.0240021
ADW,2009,38.9557991,-76.9985962
ADW,2009,38.9412994,-77.0218964
ADW,2009,38.8964005,-76.9392014
ADW,2009,38.8307991,-77.0080032
ADW,2009,38.8974991,-77.0062027
ADW,2009,38.8813019,-77.0281982
ADW,2009,38.8208008,-77.009201
ADW,2009,38.8787003,-76.9423981
ADW,2009,38.9235001,-77.0310974
ADW,2009,38.8674011,-76.9865036
ADW,2009,38.9053993,-77.0643997
ADW,2009,38.9121017,-76.9383011
ADW,2009,38.8965988,-76.9141998
ADW,2009,38.8927994,-76.9291
ADW,2009,38.9085007,-77.016098
ADW,2009,38.8977013,-76.9774017
ADW,2009,38.9491005,-77.0150986
ADW,2009,38.8879013,-76.9169998
ADW,2009,38.9012985,-76.9247971
ADW,2009,38.8936996,-76.9357986
ADW,2009,38.9015007,-76.9232025
ADW,2009,38.9062996,-77.0080032
ADW,2009,38.8665009,-76.9820023
ADW,2009,38.847599,-77
ADW,2009,38.8566017,-76.9968033
ADW,2009,38.9362984,-77.0326996
ADW,2009,38.8805008,-76.9598007
ADW,2009,38.8997002,-76.9753036
ADW,2009,38.9233017,-76.9878998
ADW,2009,38.9370995,-77.0233994
ADW,2009,38.912899,-77.0061035
ADW,2009,38.9085999,-77.0223999
ADW,2009,38.8815002,-76.9350967
ADW,2009,38.9082985,-77.0267029
ADW,2009,38.9207993,-76.9822998
ADW,2009,38.9019012,-76.973999
ADW,2009,38.8558998,-76.9709015
ADW,2009,38.8418999,-76.9924011
ADW,2009,38.9123993,-77.082901
ADW,2009,38.9529991,-77.0142975
ADW,2009,38.8848991,-76.9505005
ADW,2009,38.9491005,-77.0823975
ADW,2009,38.8921013,-76.9539032
ADW,2009,38.9443016,-77.0325012
ADW,2009,38.8964005,-76.9315033
ADW,2009,38.9248009,-77.0328979
ADW,2009,38.9003983,-76.9729996
ADW,2009,38.9389,-77.0179977
ADW,2009,38.8566017,-76.9880981
ADW,2009,38.8964996,-76.975502
ADW,2009,38.9147987,-77.0332031
ADW,2009,38.8541985,-76.9884033
ADW,2009,38.9118004,-76.9961014
ADW,2009,38.9174004,-76.9800034
ADW,2009,38.9594994,-77.0038986
ADW,2009,38.8658981,-76.9816971
ADW,2009,38.8802986,-76.9273987
ADW,2009,38.8280983,-76.9927979
ADW,2009,38.9174995,-77.0257034
ADW,2009,38.8268013,-77.0119019
ADW,2009,38.9001999,-76.9854965
ADW,2009,38.899601,-77.0019989
ADW,2009,38.9320984,-77.0728989
ADW,2009,38.9149017,-77.0458984
ADW,2009,38.8903999,-76.9539032
ADW,2009,38.8283997,-77.0090027
ADW,2009,38.9042015,-76.9750977
ADW,2009,38.9002991,-76.9325027
ADW,2009,38.8955002,-76.9291
ADW,2009,38.9006996,-76.9759979
ADW,2009,38.9034004,-76.9399033
ADW,2009,38.9113007,-77.0074997
ADW,2009,38.9534988,-77.0119019
ADW,2009,38.8599014,-76.9689026
ADW,2009,38.9478989,-77.0084
ADW,2009,38.9571991,-77.0065002
ADW,2009,38.8423004,-76.9862976
ADW,2009,38.9099007,-76.9355011
ADW,2009,38.9187012,-76.9701996
ADW,2009,38.9286003,-76.9765015
ADW,2009,38.8973007,-77.0280991
ADW,2009,38.9300003,-77.0215988
ADW,2009,38.9182014,-77.0149002
ADW,2009,38.8953018,-76.9829025
ADW,2009,38.8470001,-76.9973984
ADW,2009,38.9365997,-77.0238037
ADW,2009,38.9360008,-77.0335999
ADW,2009,38.8289986,-76.9927979
ADW,2009,38.9351006,-77.035202
ADW,2009,38.9098015,-76.9356995
ADW,2009,38.8362007,-77.0070038
ADW,2009,38.9137001,-77.0158997
ADW,2009,38.9098015,-76.9848022
ADW,2009,38.8802986,-76.9634018
ADW,2009,38.9562988,-77.0249023
ADW,2009,38.8792992,-77.0140991
ADW,2009,38.9230003,-76.9916
ADW,2009,38.8774986,-77.0182037
ADW,2009,38.8459015,-76.9725037
ADW,2009,38.8406982,-76.9901962
ADW,2009,38.8638992,-76.9524002
ADW,2009,38.9179993,-77.0439987
ADW,2009,38.9001999,-76.9901962
ADW,2009,38.9415016,-76.9714966
ADW,2009,38.9043999,-76.990799
ADW,2009,38.889801,-76.9553986
ADW,2009,38.8805008,-76.9620972
ADW,2009,38.8577003,-76.9971008
ADW,2009,38.9474983,-77.016098
ADW,2009,38.9658012,-77.0282974
ADW,2009,38.882,-76.933403
ADW,2009,38.9118996,-77.0333023
ADW,2009,38.9090996,-77.0090027
ADW,2009,38.8728981,-76.9702988
ADW,2009,38.8541985,-76.9884033
ADW,2009,38.8338013,-76.989502
ADW,2009,38.8965988,-76.9141998
ADW,2009,38.8476982,-77.0002975
ADW,2009,38.9269981,-77.0214005
ADW,2009,38.9413986,-77.0207977
ADW,2009,38.8681984,-76.9716034
ADW,2009,38.8428993,-77.0037994
ADW,2009,38.9295998,-77.0270004
ADW,2009,38.8936005,-76.9281998
ADW,2009,38.8348007,-77.0036011
ADW,2009,38.9123993,-76.9369965
ADW,2009,38.8282013,-77.0001984
ADW,2009,38.9000015,-76.9906998
ADW,2009,38.8857994,-76.9516983
ADW,2009,38.8689995,-76.9646988
ADW,2009,38.9219017,-76.9856033
ADW,2009,38.8611984,-76.9908981
ADW,2009,38.9123993,-77.0339966
ADW,2009,38.9003983,-76.9863968
ADW,2009,38.8445015,-76.9990005
ADW,2009,38.8340988,-77.0078964
ADW,2009,38.9320984,-77.0338974
ADW,2009,38.9051018,-76.9745026
ADW,2009,38.8468018,-76.9770966
ADW,2009,38.8410988,-76.993103
ADW,2009,38.8535995,-76.9873962
ADW,2009,38.9399986,-77.0223007
ADW,2009,38.8936005,-76.9244003
ADW,2009,38.9023018,-76.9222031
ADW,2009,38.901001,-77.0302963
ADW,2009,38.9166985,-76.9804993
ADW,2009,38.9552994,-77.0240021
ADW,2009,38.9206009,-77.0733032
ADW,2009,38.8757019,-76.9662018
ADW,2009,38.9220009,-77.0728989
ADW,2009,38.8788986,-77.0100021
ADW,2009,38.8423996,-76.9860001
ADW,2009,38.8614006,-76.9889984
ADW,2009,38.844799,-76.9848022
ADW,2009,38.905201,-77.0602036
ADW,2009,38.8936005,-76.9417038
ADW,2009,38.9494019,-77.0222015
ADW,2009,38.9017982,-76.9940033
ADW,2009,38.9561996,-77.0217972
ADW,2009,38.9017982,-76.9736023
ADW,2009,38.8935013,-76.9423981
ADW,2009,38.9207001,-77.0417023
ADW,2009,38.906601,-77.0267029
ADW,2009,38.9570007,-77.0110016
ADW,2009,38.8788986,-77.0134964
ADW,2009,38.9171982,-77.0049973
ADW,2009,38.9505005,-76.9934998
ADW,2009,38.8266983,-77.0129013
ADW,2009,38.9566002,-77.0201035
ADW,2009,38.8424988,-76.9875031
ADW,2009,38.8474998,-76.9680023
ADW,2009,38.9325981,-77.0290985
ADW,2009,38.9376984,-77.0355988
ADW,2009,38.9314003,-77.0263977
ADW,2009,38.9494019,-77.080101
ADW,2009,38.875,-77.0128021
ADW,2009,38.8350983,-77.0030975
ADW,2009,38.9118996,-76.9348984
ADW,2009,38.8852005,-76.9875031
ADW,2009,38.925499,-77.0304031
ADW,2009,38.9552002,-77.0208969
ADW,2009,38.9067001,-76.9299011
ADW,2009,38.8232002,-77.0089035
ADW,2009,38.8300018,-77.0034027
ADW,2009,38.9524994,-77.0140991
ADW,2009,38.9140015,-77.0141983
ADW,2009,38.8303986,-77.0017014
ADW,2009,38.8535004,-76.9847031
ADW,2009,38.9025002,-77.0019989
ADW,2009,38.9135017,-77.0028992
ADW,2009,38.8218994,-77.0028
ADW,2009,38.8585014,-76.9654007
ADW,2009,38.9492989,-77.0081024
ADW,2009,38.9278984,-76.975502
ADW,2009,38.8846016,-76.9773026
ADW,2009,38.8284988,-77.0011978
ADW,2009,38.8805008,-76.9380035
ADW,2009,38.8567009,-76.9725037
ADW,2009,38.8973007,-77.0198975
ADW,2009,38.8720016,-76.9669037
ADW,2009,38.9033012,-76.9822998
ADW,2009,38.9011993,-77.0516968
ADW,2009,38.9015999,-76.9289017
ADW,2009,38.9622993,-77.0282974
ADW,2009,38.8955994,-76.9826965
ADW,2009,38.8949013,-77.0301971
ADW,2009,38.9522018,-77.023201
ADW,2009,38.9575996,-77.0103989
ADW,2009,38.9019012,-77.0119019
ADW,2009,38.9076996,-77.0046997
ADW,2009,38.9389,-77.0339966
ADW,2009,38.8590012,-76.9945984
ADW,2009,38.8567009,-76.9722977
ADW,2009,38.8550987,-76.9639969
ADW,2009,38.8554001,-76.9915009
ADW,2009,38.9502983,-77.0809021
ADW,2009,38.8256989,-77.0019989
ADW,2009,38.8941994,-76.9574966
ADW,2009,38.9001999,-76.9768982
ADW,2009,38.9165993,-77.0267029
ADW,2009,38.8293991,-77.0067978
ADW,2009,38.846199,-76.9998016
ADW,2009,38.9220009,-77.0008011
ADW,2009,38.8536987,-76.9720993
ADW,2009,38.8582001,-76.9723969
ADW,2009,38.9309998,-77.0299988
ADW,2009,38.8218002,-77.0014038
ADW,2009,38.9095993,-77.0417023
ADW,2009,38.9021988,-77.0141983
ADW,2009,38.8814011,-76.9866028
ADW,2009,38.9042015,-76.9243011
ADW,2009,38.9063988,-77.0421982
ADW,2009,38.8838997,-76.9293976
ADW,2009,38.8539009,-76.9844971
ADW,2009,38.8777008,-76.9842987
ADW,2009,38.9090996,-76.9844971
ADW,2009,38.9025002,-77.0058975
ADW,2009,38.8688011,-76.9789963
ADW,2009,38.8600998,-76.9674988
ADW,2009,38.8623009,-76.993103
ADW,2009,38.928299,-76.9662018
ADW,2009,38.8834991,-76.9865036
ADW,2009,38.9257011,-77.0323029
ADW,2009,38.9785004,-77.0203018
ADW,2009,38.9127998,-77.0028
ADW,2009,38.9343987,-76.9642029
ADW,2009,38.827301,-77.0005035
ADW,2009,38.8974991,-77.0062027
ADW,2009,38.8312988,-76.9977036
ADW,2009,38.8787994,-76.9893036
ADW,2009,38.9191017,-77.0167007
ADW,2009,38.9277,-77.0298004
ADW,2009,38.9196014,-77.0003967
ADW,2009,38.9051018,-76.9745026
ADW,2009,38.9159012,-77.0205002
ADW,2009,38.9193001,-77.0158997
ADW,2009,38.9449005,-77.0279999
ADW,2009,38.9570007,-77.017601
ADW,2009,38.9309006,-77.030899
ADW,2009,38.9061012,-77.0123978
ADW,2009,38.8987999,-76.9785004
ADW,2009,38.8833008,-76.9310989
ADW,2009,38.8339005,-76.9918976
ADW,2009,38.9446983,-76.9982986
ADW,2009,38.8857994,-76.9504013
ADW,2009,38.8474998,-76.9729996
ADW,2009,38.9183006,-77.0590973
ADW,2009,38.9216003,-77.0412979
ADW,2009,38.9155998,-77.020401
ADW,2009,38.9053001,-77.0659027
ADW,2009,38.9238014,-77.0320969
ADW,2009,38.8981018,-76.9766998
ADW,2009,38.8294983,-77.0022964
ADW,2009,38.9037018,-77.0330963
ADW,2009,38.8737984,-77.0106964
ADW,2009,38.8925018,-76.9759979
ADW,2009,38.9285011,-76.9569016
ADW,2009,38.9581985,-77.0250015
ADW,2009,38.9231987,-77.0292969
ADW,2009,38.8804016,-76.9285965
ADW,2009,38.8437996,-76.9794006
ADW,2009,38.9001999,-76.9893036
ADW,2009,38.8706017,-76.979599
ADW,2009,38.8409996,-76.9934006
ADW,2009,38.9315987,-77.0354996
ADW,2009,38.9197998,-76.9870987
ADW,2009,38.8974991,-77.0062027
ADW,2009,38.9319992,-77.0222015
ADW,2009,38.973999,-77.0266037
ADW,2009,38.9067993,-77.0641022
ADW,2009,38.9011002,-77.0391006
ADW,2009,38.9043007,-76.9758987
ADW,2009,38.9039993,-77.0427017
ADW,2009,38.882,-76.9285965
ADW,2009,38.9449997,-77.014801
ADW,2009,38.8894997,-76.9779968
ADW,2009,38.8684006,-76.9670029
ADW,2009,38.9042015,-76.9833984
ADW,2009,38.8818016,-76.9946976
ADW,2009,38.9602013,-77.0198975
ADW,2009,38.9085999,-77.0175018
ADW,2009,38.8636017,-76.9526978
ADW,2009,38.8693008,-76.9741974
ADW,2009,38.9109001,-77.0138016
ADW,2009,38.9245987,-76.9965973
ADW,2009,38.843399,-77.0000992
ADW,2009,38.9045982,-76.9887009
ADW,2009,38.9393005,-77.0329971
ADW,2009,38.9067001,-76.9890976
ADW,2009,38.8335991,-76.9929962
ADW,2009,38.9239006,-76.9974976
ADW,2009,38.8479004,-76.9815979
ADW,2009,38.9519005,-77.0103989
ADW,2009,38.9436989,-77.061203
ADW,2009,38.9285011,-76.9778976
ADW,2009,38.9011002,-76.9328995
ADW,2009,38.8835983,-76.9321976
ADW,2009,38.8675995,-76.9860992
ADW,2009,38.9660988,-77.0212021
ADW,2009,38.8984985,-77.0195007
ADW,2009,38.8987999,-77.0211029
ADW,2009,38.9048996,-77.0576019
ADW,2009,38.9561996,-77.0279999
ADW,2009,38.8731003,-76.9492035
ADW,2009,38.8596992,-76.9982986
ADW,2009,38.901001,-77.0285034
ADW,2009,38.8722,-76.9753036
ADW,2009,38.9000015,-76.9380035
ADW,2009,38.9370995,-76.9776993
ADW,2009,38.9157982,-77.0402985
ADW,2009,38.8931999,-76.9209976
ADW,2009,38.8478012,-76.9746017
ADW,2009,38.9215012,-77.0105972
ADW,2009,38.9123001,-77.0087967
ADW,2009,38.8874016,-76.9490967
ADW,2009,38.9454002,-77.0294037
ADW,2009,38.8969994,-76.9210968
ADW,2009,38.9073982,-77.0168991
ADW,2009,38.8594017,-76.9992981
ADW,2009,38.9045982,-77.0103989
ADW,2009,38.8927994,-76.9360962
ADW,2009,38.839901,-76.9943008
ADW,2009,38.8619003,-76.9824982
ADW,2009,38.9169998,-77.0319977
ADW,2009,38.9366989,-77.028801
ADW,2009,38.8774986,-77.0182037
ADW,2009,38.9248009,-77.0351028
ADW,2009,38.8973007,-77.0264969
ADW,2009,38.9169998,-77.0319977
ADW,2009,38.8582993,-76.9910965
ADW,2009,38.9318008,-77.0222015
ADW,2009,38.8576012,-76.9968033
ADW,2009,38.9193001,-77.0167007
ADW,2009,38.8614998,-76.9873962
ADW,2009,38.8642998,-76.9829025
ADW,2009,38.8409004,-76.9925003
ADW,2009,38.9031982,-77.0164032
ADW,2009,38.8927994,-76.9291
ADW,2009,38.9033012,-76.9854965
ADW,2009,38.9171982,-77.0485001
ADW,2009,38.9197006,-76.9709015
ADW,2009,38.8909988,-76.9526978
ADW,2009,38.9287987,-77.0367966
ADW,2009,38.9067001,-77.0063019
ADW,2009,38.9053001,-77.060997
ADW,2009,38.8829994,-76.9250031
ADW,2009,38.9208984,-76.990799
ADW,2009,38.9370995,-77.0326996
ADW,2009,38.8254013,-77.0008011
ADW,2009,38.9048004,-76.9366989
ADW,2009,38.9029999,-77.0513992
ADW,2009,38.9151001,-76.9858017
ADW,2009,38.8628998,-76.9493027
ADW,2009,38.9215012,-77.0258026
ADW,2009,38.8945999,-76.9163971
ADW,2009,38.9269981,-77.0325012
ADW,2009,38.8802986,-76.9273987
ADW,2009,38.8572998,-76.9716034
ADW,2009,38.8619995,-76.9733963
ADW,2009,38.9051018,-77.0596008
ADW,2009,38.8987999,-76.9759979
ADW,2009,38.9227982,-76.9576035
ADW,2009,38.9001999,-76.9468002
ADW,2009,38.8713989,-76.9781036
ADW,2009,38.8964996,-76.9477997
ADW,2009,38.8782997,-77.0143967
ADW,2009,38.9239998,-77.0355988
ADW,2009,38.9043007,-76.9486008
ADW,2009,38.9216995,-77.0423965
ADW,2009,38.9047012,-77.0058975
ADW,2009,38.9281998,-77.0322037
ADW,2009,38.8493004,-76.9852982
ADW,2009,38.9628983,-77.0201035
ADW,2009,38.9258995,-77.0231018
ADW,2009,38.8918991,-76.9235992
ADW,2009,38.8581009,-76.9904022
ADW,2009,38.8591995,-76.9865036
ADW,2009,38.8722992,-76.9667969
ADW,2009,38.850399,-76.9784012
ADW,2009,38.8936996,-76.9250031
ADW,2009,38.860199,-76.9998016
ADW,2009,38.8787994,-76.9991989
ADW,2009,38.8600006,-76.9741974
ADW,2009,38.891201,-76.9231033
ADW,2009,38.9071999,-77.0270004
ADW,2009,38.892601,-77.0212021
ADW,2009,38.8510017,-76.9775009
ADW,2009,38.8412018,-76.986702
ADW,2009,38.9383011,-77.0193024
ADW,2009,38.8672981,-76.9850998
ADW,2009,38.8760986,-77.0112
ADW,2009,38.9001999,-77.0435028
ADW,2009,38.9356995,-77.0369034
ADW,2009,38.9485016,-77.0325012
ADW,2009,38.8647003,-76.9784012
ADW,2009,38.9011993,-76.9216003
ADW,2009,38.9011002,-77.0421982
ADW,2009,38.9502983,-76.9945984
ADW,2009,38.9117012,-76.9408035
ADW,2009,38.8987007,-76.9725037
ADW,2009,38.9065018,-77.0425034
ADW,2009,38.9360008,-77.0212021
ADW,2009,38.8693008,-76.9697037
ADW,2009,38.8930016,-76.9516983
ADW,2009,38.8939018,-76.9792023
ADW,2009,38.9353981,-77.0350037
ADW,2009,38.8334007,-76.9899979
ADW,2009,38.8445015,-76.9849014
ADW,2009,38.8921013,-76.9344025
ADW,2009,38.8960991,-76.9422989
ADW,2009,38.9262009,-77.0350037
ADW,2009,38.8992996,-76.9937973
ADW,2009,38.8782997,-76.9906998
ADW,2009,38.8633003,-76.9912033
ADW,2009,38.8662987,-76.9890976
ADW,2009,38.8236008,-77.0098038
ADW,2009,38.8648987,-76.969101
ADW,2009,38.9070015,-76.9785004
ADW,2009,38.9063988,-77.0074997
ADW,2009,38.8754997,-76.9598999
ADW,2009,38.9564018,-77.0839005
ADW,2009,38.9157982,-77.0164032
ADW,2009,38.9331017,-77.0307007
ADW,2009,38.956501,-77.0252991
ADW,2009,38.9469986,-76.9794006
ADW,2009,38.9230995,-77.0401993
ADW,2009,38.847599,-76.9757996
ADW,2009,38.8298988,-76.9964981
ADW,2009,38.8824997,-76.9385986
ADW,2009,38.9061012,-76.9318008
ADW,2009,38.8871994,-76.9197998
ADW,2009,38.8303986,-77.0017014
ADW,2009,38.9441986,-77.0121994
ADW,2009,38.9017982,-76.9281998
ADW,2009,38.8974991,-77.0062027
ADW,2009,38.8622017,-76.9857025
ADW,2009,38.8857002,-76.9294968
ADW,2009,38.8452988,-76.9866028
ADW,2009,38.844799,-76.9719009
ADW,2009,38.9328003,-77.0240021
ADW,2009,38.8863983,-76.9360962
ADW,2009,38.9367981,-77.0278015
ADW,2009,38.8605995,-76.9966965
ADW,2009,38.9272003,-76.9970016
ADW,2009,38.8930016,-76.9243011
ADW,2009,38.9105988,-76.9363022
ADW,2009,38.9292984,-77.0372009
ADW,2009,38.9108009,-77.0090027
ADW,2009,38.9374008,-77.0361023
ADW,2009,38.8813019,-77.0164032
ADW,2009,38.8666,-76.9831009
ADW,2009,38.8541985,-76.9654999
ADW,2009,38.8633995,-76.9805984
ADW,2009,38.9201012,-76.9702988
ADW,2009,38.8535995,-76.9835968
ADW,2009,38.8624001,-76.9894028
ADW,2009,38.8964996,-76.9574966
ADW,2009,38.9543991,-77.0274963
ADW,2009,38.8482018,-76.9960022
ADW,2009,38.9059982,-77.0091019
ADW,2009,38.8438988,-76.9766006
ADW,2009,38.9056015,-77.0075989
ADW,2009,38.8277016,-76.9981995
ADW,2009,38.9110985,-76.9373016
ADW,2009,38.9173012,-77.0310974
ADW,2009,38.9617996,-77.0183029
ADW,2009,38.8991013,-76.9825974
ADW,2009,38.894001,-76.9107971
ADW,2009,38.8875008,-76.9167023
ADW,2009,38.9566002,-77.0162964
ADW,2009,38.8305016,-77.0022964
ADW,2009,38.9681015,-77.0270004
ADW,2009,38.9085007,-77.016098
ADW,2009,38.8875999,-76.9520035
ADW,2009,38.8973007,-76.9365997
ADW,2009,38.9665985,-77.0252991
ADW,2009,38.9304008,-77.033699
ADW,2009,38.8382988,-77.0063019
ADW,2009,38.9855995,-77.0409012
ADW,2009,38.8941002,-76.9246979
ADW,2009,38.9285011,-77.0335999
ADW,2009,38.8162003,-77.0151978
ADW,2009,38.8358994,-76.9910965
ADW,2009,38.8665009,-76.9789963
ADW,2009,38.8862991,-76.9531021
ADW,2009,38.8508987,-76.9772034
ADW,2009,38.8550987,-76.990303
ADW,2009,38.8569984,-76.987999
ADW,2009,38.8510017,-76.973999
ADW,2009,38.9171982,-77.0278015
ADW,2009,38.8725014,-76.972702
ADW,2009,38.8622017,-76.9888992
ADW,2009,38.9208984,-77.0346985
ADW,2009,38.9126015,-76.9865036
ADW,2009,38.8959007,-76.9816971
ADW,2009,38.9502983,-76.9934006
ADW,2009,38.8945999,-76.9770966
ADW,2009,38.9189987,-77.0124969
ADW,2009,38.868,-76.9798965
ADW,2009,38.9059982,-76.952301
ADW,2009,38.8700981,-76.9677963
ADW,2009,38.8390999,-77.0193024
ADW,2009,38.906601,-76.9354019
ADW,2009,38.8614006,-76.9737015
ADW,2009,38.9566994,-77.0171967
ADW,2009,38.8624992,-76.9891968
ADW,2009,38.9014015,-76.9736023
ADW,2009,38.9296989,-77.0050964
ADW,2009,38.9205017,-77.009903
ADW,2009,38.885601,-76.9290009
ADW,2009,38.9417,-77.0246964
ADW,2009,38.8582993,-76.9910965
ADW,2009,38.9319,-76.9682007
ADW,2009,38.8993988,-76.9793015
ADW,2009,38.9309006,-76.9681015
ADW,2009,38.8376007,-76.9983978
ADW,2009,38.9047012,-76.9835968
ADW,2009,38.8524017,-76.9652023
ADW,2009,38.9080009,-77.0063019
ADW,2009,38.9389,-77.0325012
ADW,2009,38.9468002,-77.0643997
ADW,2009,38.9151001,-76.9858017
ADW,2009,38.8839989,-77.0264969
ADW,2009,38.8681984,-76.9860992
ADW,2009,38.8596992,-76.9909973
ADW,2009,38.8730011,-76.9721985
ADW,2009,38.8723984,-77.0076981
ADW,2009,38.8987999,-77.0211029
ADW,2009,38.8572998,-76.9741974
ADW,2009,38.9001999,-76.9893036
ADW,2009,38.9033012,-77.0207977
ADW,2009,38.8596001,-77.0018005
ADW,2009,38.847599,-76.9807968
ADW,2009,38.894001,-76.9233017
ADW,2009,38.8553009,-76.9702988
ADW,2009,38.9482994,-77.0227966
ADW,2009,38.8431015,-77.0036011
ADW,2009,38.8877983,-76.9514008
ADW,2009,38.828701,-77.0134964
ADW,2009,38.8921013,-76.9476013
ADW,2009,38.9216995,-77.0423965
ADW,2009,38.8671989,-76.9832001
ADW,2009,38.8712006,-76.9397964
ADW,2009,38.8266983,-77.0025024
ADW,2009,38.8997993,-77.017601
ADW,2009,38.9049988,-77.0101013
ADW,2009,38.8597984,-76.9710007
ADW,2009,38.9031982,-76.9792023
ADW,2009,38.8869019,-76.9514008
ADW,2009,38.8699989,-76.9414978
ADW,2009,38.9006996,-76.9378967
ADW,2009,38.9397011,-77.0223999
ADW,2009,38.9609985,-77.0280991
ADW,2009,38.8708992,-76.9661026
ADW,2009,38.9305992,-76.9955978
ADW,2009,38.8597984,-76.9953995
ADW,2009,38.8843994,-76.9276962
ADW,2009,38.9101982,-77.0146027
ADW,2009,38.8877983,-76.9381027
ADW,2009,38.8490982,-76.9714966
ADW,2009,38.9376984,-76.9779968
ADW,2009,38.8294983,-77.0022964
ADW,2009,38.9518013,-77.0130997
ADW,2009,38.8807983,-76.9292984
ADW,2009,38.9497986,-77.0129013
ADW,2009,38.9584007,-77.0270004
ADW,2009,38.8423996,-76.9871979
ADW,2009,38.9393005,-76.9938965
ADW,2009,38.8908997,-76.9436035
ADW,2009,38.8395004,-76.9977036
ADW,2009,38.9138985,-77.0302963
ADW,2009,38.8563004,-76.9740982
ADW,2009,38.8848,-76.9524002
ADW,2009,38.8526993,-76.9814987
ADW,2009,38.8451004,-76.983902
ADW,2009,38.8624001,-76.990097
ADW,2009,38.9063988,-77.0074997
ADW,2009,38.8949013,-76.9751968
ADW,2009,38.907299,-77.0090027
ADW,2009,38.9427986,-76.9847031
ADW,2009,38.9231987,-77.0390015
ADW,2009,38.8945999,-76.9770966
ADW,2009,38.9080009,-77.0319977
ADW,2009,38.9355011,-77.0239029
ADW,2009,38.9165993,-77.0048981
ADW,2009,38.9598007,-77.0846024
ADW,2009,38.8847008,-76.9520035
ADW,2009,38.9207993,-77.0421982
ADW,2009,38.8521004,-76.9655991
ADW,2009,38.9123001,-76.9870987
ADW,2009,38.8280983,-77.001297
ADW,2009,38.8907013,-76.9397964
ADW,2009,38.9025002,-77.0374985
ADW,2009,38.8646011,-76.9529037
ADW,2009,38.8634987,-76.9476013
ADW,2009,38.9552994,-77.0231018
ADW,2009,38.8302002,-77.0017014
ADW,2009,38.8507004,-76.9946976
ADW,2009,38.8922997,-76.9293976
ADW,2009,38.9039993,-76.9235992
ADW,2009,38.8431015,-76.9852982
ADW,2009,38.8566017,-76.9732971
ADW,2009,38.9003983,-76.9880981
ADW,2009,38.9071999,-76.9878998
ADW,2009,38.9276009,-77.0310974
ADW,2009,38.9234009,-77.0438004
ADW,2009,38.860199,-76.9998016
ADW,2009,38.8395004,-76.9981995
ADW,2009,38.8594017,-76.9526978
ADW,2009,38.8806,-76.9381027
ADW,2009,38.8894997,-76.9233017
ADW,2009,38.9313011,-77.018898
ADW,2009,38.885601,-76.955101
ADW,2009,38.9342003,-76.9800034
ADW,2009,38.8554001,-76.9915009
ADW,2009,38.8997993,-76.9943008
ADW,2009,38.9199982,-77.0399017
ADW,2009,38.8843994,-76.9276962
ADW,2009,38.8973007,-76.9216995
ADW,2009,38.8785019,-76.9300003
ADW,2009,38.8639984,-76.9813004
ADW,2009,38.8730011,-76.9768982
ADW,2009,38.9220009,-76.9871979
ADW,2009,38.8885002,-76.9830017
ADW,2009,38.8969994,-77.0475006
ADW,2009,38.8354988,-76.9916992
ADW,2009,38.8437996,-76.9786987
ADW,2009,38.9006004,-77.0175018
ADW,2009,38.8874016,-76.9774017
ADW,2009,38.9230003,-76.9857025
ADW,2009,38.9514008,-77.0707016
ADW,2009,38.8340988,-77.0078964
ADW,2009,38.9110985,-77.0142975
ADW,2009,38.9012985,-76.9345016
ADW,2009,38.8889999,-76.9321976
ADW,2009,38.8540993,-76.9716034
ADW,2009,38.8438988,-76.9885025
ADW,2009,38.8981018,-76.9304962
ADW,2009,38.9028015,-77.0468979
ADW,2009,38.891201,-76.9309006
ADW,2009,38.8596992,-76.9708023
ADW,2009,38.9390984,-76.9779968
ADW,2009,38.9255981,-76.9983978
ADW,2009,38.8796997,-77.0140991
ADW,2009,38.9269981,-77.0213013
ADW,2009,38.9173012,-77.0084
ADW,2009,38.9319992,-77.0301971
ADW,2009,38.9085007,-76.9842987
ADW,2009,38.914299,-77.0407028
ADW,2009,38.8969002,-76.9375
ADW,2009,38.8321991,-76.9873962
ADW,2009,38.8959999,-76.9292984
ADW,2009,38.8955002,-76.9291
ADW,2009,38.9124985,-76.9375
ADW,2009,38.8950005,-76.9757004
ADW,2009,38.9239006,-76.9899979
ADW,2009,38.9528999,-77.0078964
ADW,2009,38.9053001,-77.0523987
ADW,2009,38.8946991,-76.9120026
ADW,2009,38.8782005,-76.9822006
ADW,2009,38.8330002,-76.9945984
ADW,2009,38.9123001,-76.9870987
ADW,2009,38.9034996,-76.9776001
ADW,2009,38.8835983,-77.0177002
ADW,2009,38.8445015,-76.9870987
ADW,2009,38.9028015,-76.9246979
ADW,2009,38.9296989,-77.0735016
ADW,2009,38.9019012,-76.9427032
ADW,2009,38.9163017,-77.0297012
ADW,2009,38.915699,-77.049202
ADW,2009,38.9346008,-77.0332031
ADW,2009,38.9230003,-76.9880981
ADW,2009,38.8928986,-76.9296036
ADW,2009,38.8922005,-76.9878998
ADW,2009,38.9165001,-77.0451965
ADW,2009,38.8905983,-76.9319
ADW,2009,38.8725014,-77.0124969
ADW,2009,38.8866997,-76.9493027
ADW,2009,38.8922005,-76.9759979
ADW,2009,38.905201,-77.0121994
ADW,2009,38.9291,-76.9689026
ADW,2009,38.8778,-76.9885025
ADW,2009,38.8554001,-76.9915009
ADW,2009,38.9401016,-77.0325012
ADW,2009,38.853199,-76.9719009
ADW,2009,38.9295006,-77.0326996
ADW,2009,38.9300995,-77.0389023
ADW,2009,38.8978004,-77.0417023
ADW,2009,38.9376984,-77.0334015
ADW,2009,38.9365997,-77.030899
ADW,2009,38.9065018,-77.0411987
ADW,2009,38.9308014,-77.0379028
ADW,2009,38.8925018,-76.9204025
ADW,2009,38.8960991,-77.0208969
ADW,2009,38.9123993,-77.004097
ADW,2009,38.9020996,-76.982399
ADW,2009,38.8354988,-76.9916992
ADW,2009,38.8552017,-76.969101
ADW,2009,38.9522018,-77.023201
ADW,2009,38.8314018,-77.0025024
ADW,2009,38.8941994,-76.9250031
ADW,2009,38.8788986,-77.0124969
ADW,2009,38.8941994,-76.9250031
ADW,2009,38.8848991,-76.9512024
ADW,2009,38.9499016,-77.0226974
ADW,2009,38.8569984,-76.9961014
ADW,2009,38.8386002,-76.9968033
ADW,2009,38.8750992,-77.0139008
ADW,2009,38.9063988,-77.0098038
ADW,2009,38.9468002,-77.0168991
ADW,2009,38.8801994,-77.0020981
ADW,2009,38.9098015,-77.013298
ADW,2009,38.9165993,-77.0242004
ADW,2009,38.8917007,-76.9434967
ADW,2009,38.9376984,-77.0739975
ADW,2009,38.8979988,-76.9814987
ADW,2009,38.8470993,-76.9707031
ADW,2009,38.8973007,-76.9154968
ADW,2009,38.8540993,-76.9716034
ADW,2009,38.8806992,-76.9383011
ADW,2009,38.9434013,-77.0042038
ADW,2009,38.908699,-76.9979019
ADW,2009,38.9168015,-77.0090027
ADW,2009,38.8725014,-77.013298
ADW,2009,38.9007988,-76.9789963
ADW,2009,38.9267006,-76.9982986
ADW,2009,38.8507004,-76.9861984
ADW,2009,38.9035988,-77.0198975
ADW,2009,38.8983002,-77.0151978
ADW,2009,38.9206009,-77.0455017
ADW,2009,38.9670982,-77.0208969
ADW,2009,38.8925018,-76.9759979
ADW,2009,38.9650002,-77.0281982
ADW,2009,38.9477005,-77.0326996
ADW,2009,38.8750992,-77.0139008
ADW,2009,38.8975983,-77.0245972
ADW,2009,38.9033012,-77.039299
ADW,2009,38.8297997,-77.0025024
ADW,2009,38.8983002,-76.9779968
ADW,2009,38.8438988,-76.9788971
ADW,2009,38.9054985,-77.012001
ADW,2009,38.948101,-76.9968033
ADW,2009,38.9454994,-77.0285034
ADW,2009,38.8554993,-76.9961014
ADW,2009,38.9085999,-77.0487976
ADW,2009,38.8644981,-76.9458008
ADW,2009,38.9572983,-77.0281982
ADW,2009,38.8983994,-76.9256973
ADW,2009,38.9504013,-77.0078964
ADW,2009,38.921299,-77.030098
ADW,2009,38.912899,-77.0374985
ADW,2009,38.895401,-77.0157013
ADW,2009,38.8446007,-76.9894028
ADW,2009,38.8723984,-77.0131989
ADW,2009,38.8591995,-76.9916992
ADW,2009,38.9151001,-76.9858017
ADW,2009,38.8669014,-76.9849014
ADW,2009,38.9039001,-76.9822006
ADW,2009,38.8568993,-76.9717026
ADW,2009,38.9487,-77.0763016
ADW,2009,38.8886986,-76.9300003
ADW,2009,38.8252983,-76.9991989
ADW,2009,38.9075012,-77.0522995
ADW,2009,38.8839989,-76.9337997
ADW,2009,38.8289986,-76.9917984
ADW,2009,38.8777008,-76.9841995
ADW,2009,38.9187012,-77.0166016
ADW,2009,38.9235001,-76.9983978
ADW,2009,38.9566002,-77.0230026
ADW,2009,38.8986015,-77.0494995
ADW,2009,38.9196014,-77.0294037
ADW,2009,38.9155998,-77.0091019
ADW,2009,38.9673004,-77.0213013
ADW,2009,38.9499016,-77.0261002
ADW,2009,38.919899,-76.9723969
ADW,2009,38.9275017,-77.0325012
ADW,2009,38.9313011,-77.0224991
ADW,2009,38.8554001,-76.9720001
ADW,2009,38.8293991,-76.992897
ADW,2009,38.9515991,-77.0083008
ADW,2009,38.9402008,-77.0598984
ADW,2009,38.9065018,-77.0267029
ADW,2009,38.9168015,-77.0242004
ADW,2009,38.8203011,-77.0084
ADW,2009,38.9230995,-77.0401993
ADW,2009,38.8746986,-76.9682999
ADW,2009,38.8614998,-76.985199
ADW,2009,38.8614998,-76.985199
ADW,2009,38.9452019,-77.0053024
ADW,2009,38.9138985,-77.0127029
ADW,2009,38.8867989,-76.9499969
ADW,2009,38.8919983,-77.0152969
ADW,2009,38.9006996,-76.9924011
ADW,2009,38.8877983,-76.9833984
ADW,2009,38.9029999,-77.0337982
ADW,2009,38.9207993,-77.0426025
ADW,2009,38.9061012,-77.0485001
ADW,2009,38.9258995,-77.0231018
ADW,2009,38.8800011,-76.9429016
ADW,2009,38.9030991,-76.9983978
ADW,2009,38.9070015,-77.0615997
ADW,2009,38.8320999,-77.0074997
ADW,2009,38.8955994,-76.9139023
ADW,2009,38.8610001,-76.9710007
ADW,2009,38.8953018,-76.9266968
ADW,2009,38.9561996,-77.0266037
ADW,2009,38.8518982,-76.961998
ADW,2009,38.9191017,-77.0167007
ADW,2009,38.9325981,-77.0290985
ADW,2009,38.9030991,-76.9754028
ADW,2009,38.8530006,-76.9737015
ADW,2009,38.8469009,-76.9726028
ADW,2009,38.8805008,-76.9380035
ADW,2009,38.8855019,-76.9364014
ADW,2009,38.9137001,-77.0222015
ADW,2009,38.9403,-76.9938965
ADW,2009,38.8681984,-76.9413986
ADW,2009,38.8474998,-76.9686966
ADW,2009,38.8813019,-77.0281982
ADW,2009,38.8782005,-76.9897003
ADW,2009,38.8876991,-77.0034027
ADW,2009,38.8534012,-76.9860001
ADW,2009,38.9309998,-77.0356979
ADW,2009,38.9241982,-77.0807037
ADW,2009,38.9109993,-76.936203
ADW,2009,38.9255981,-76.9985962
ADW,2009,38.8722,-76.9759979
ADW,2009,38.8807983,-76.9281006
ADW,2009,38.884201,-76.9223022
ADW,2009,38.905899,-77.0254974
ADW,2009,38.9431992,-77.0226974
ADW,2009,38.8723984,-76.9756012
ADW,2009,38.8723984,-76.9756012
ADW,2009,38.850399,-76.9686966
ADW,2009,38.8512993,-76.9654999
ADW,2009,38.9541016,-77.0334015
ADW,2009,38.899601,-77.0211029
ADW,2009,38.8424988,-76.9850998
ADW,2009,38.9163017,-77.0319977
ADW,2009,38.9029007,-77.0305023
ADW,2009,38.9075012,-77.0076981
ADW,2009,38.9003983,-76.9738007
ADW,2009,38.9252014,-77.033699
ADW,2009,38.8293991,-76.998497
ADW,2009,38.8675995,-76.9657974
ADW,2009,38.8599014,-76.9689026
ADW,2009,38.9566994,-77.0254974
ADW,2009,38.9039001,-76.9317017
ADW,2009,38.8991013,-76.9710007
ADW,2009,38.9393997,-77.0329971
ADW,2009,38.8423996,-76.9863968
ADW,2009,38.9011002,-77.0016022
ADW,2009,38.9081001,-77.0222015
ADW,2009,38.911499,-76.9349976
ADW,2009,38.9352989,-77.0334015
ADW,2009,38.8928986,-76.9521027
ADW,2009,38.8796997,-76.9899979
ADW,2009,38.9472008,-77.0186005
ADW,2009,38.9664993,-77.0279999
ADW,2009,38.9063988,-77.0218964
ADW,2009,38.8786011,-77.0145035
ADW,2009,38.9413986,-77.0207977
ADW,2009,38.8479004,-77.0038986
ADW,2009,38.9383011,-77.0253983
ADW,2009,38.8848,-76.9974976
ADW,2009,38.9598999,-77.0028
ADW,2009,38.8730011,-77.010498
ADW,2009,38.9168015,-77.0248032
ADW,2009,38.862999,-76.9803009
ADW,2009,38.9560013,-76.9925003
ADW,2009,38.9590988,-77.0305023
ADW,2009,38.9361,-77.0348969
ADW,2009,38.8445015,-76.9785995
ADW,2009,38.8978004,-76.9169998
ADW,2009,38.8993988,-77.0305023
ADW,2009,38.8992996,-76.9847031
ADW,2009,38.8418007,-76.9876022
ADW,2009,38.9597015,-77.0046997
ADW,2009,38.8260994,-77.013298
ADW,2009,38.8554993,-76.9961014
ADW,2009,38.9133987,-77.0702972
ADW,2009,38.8959007,-76.9861984
ADW,2009,38.8308983,-77.0080032
ADW,2009,38.882,-76.9354019
ADW,2009,38.8978996,-76.972702
ADW,2009,38.9313011,-77.038002
ADW,2009,38.8538017,-76.9848022
ADW,2009,38.9071999,-77.042099
ADW,2009,38.9197006,-77.014801
ADW,2009,38.9056015,-77.0106964
ADW,2009,38.8802986,-76.9915009
ADW,2009,38.9477005,-77.0667038
ADW,2009,38.9179001,-77.0084
ADW,2009,38.9239998,-77.0302963
ADW,2009,38.9486008,-76.9872971
ADW,2009,38.9109993,-76.936203
ADW,2009,38.8568993,-76.9720993
ADW,2009,38.9309006,-77.0290985
ADW,2009,38.9168015,-76.9714966
ADW,2009,38.8862991,-76.9422989
ADW,2009,38.9216995,-77.0427017
ADW,2009,38.9205017,-77.0416031
ADW,2009,38.9188995,-77.0332031
ADW,2009,38.8483009,-77.0021973
ADW,2009,38.9286995,-77.0339966
ADW,2009,38.9051018,-76.9830017
ADW,2009,38.8474998,-76.9729996
ADW,2009,38.8993988,-76.9776001
ADW,2009,38.8685989,-76.9820023
ADW,2009,38.8387985,-76.9981995
ADW,2009,38.8874016,-76.9337997
ADW,2009,38.8380013,-76.9974976
ADW,2009,38.901001,-76.975502
ADW,2009,38.9118004,-76.9395981
ADW,2009,38.8725014,-77.0124969
ADW,2009,38.9359016,-77.0820007
ADW,2009,38.9003983,-76.9889984
ADW,2009,38.8930016,-76.9209976
ADW,2009,38.9015007,-76.9300003
ADW,2009,38.8297997,-77.0025024
ADW,2009,38.8922997,-76.9508972
ADW,2009,38.8829994,-76.9326019
ADW,2009,38.8732986,-76.9645004
ADW,2009,38.8950005,-76.941597
ADW,2009,38.8300018,-77.0034027
ADW,2009,38.8228989,-77.0083008
ADW,2009,38.9435005,-77.0184021
ADW,2009,38.9556007,-77.0299988
ADW,2009,38.8200989,-77.0074997
ADW,2009,38.8907013,-76.9421997
ADW,2009,38.8466988,-76.9831009
ADW,2009,38.8713989,-77.0121994
ADW,2009,38.8479996,-76.9960022
ADW,2009,38.8843994,-76.9301987
ADW,2009,38.8876991,-76.9514999
ADW,2009,38.9014015,-76.9817963
ADW,2009,38.9034996,-76.9830017
ADW,2009,38.9051018,-76.9729996
ADW,2009,38.8628998,-76.9623032
ADW,2009,38.9169998,-77.0270004
ADW,2009,38.9432983,-77.0323029
ADW,2009,38.8791008,-77.0133972
ADW,2009,38.8516998,-76.9643021
ADW,2009,38.9026985,-76.9326019
ADW,2009,38.9127998,-77.0093994
ADW,2009,38.9152985,-77.0093002
ADW,2009,38.9365005,-77.0335999
ADW,2009,38.8970985,-77.0201035
ADW,2009,38.921299,-77.0019989
ADW,2009,38.8699989,-76.9601974
ADW,2009,38.9109993,-76.9974976
ADW,2009,38.9504013,-77.0220032
ADW,2009,38.9031982,-76.972702
ADW,2009,38.9528008,-77.0271988
ADW,2009,38.9132004,-76.9850998
ADW,2009,38.8946991,-76.9476013
ADW,2009,38.905899,-77.0428009
ADW,2009,38.8541985,-76.9884033
ADW,2009,38.8788986,-77.0100021
ADW,2009,38.9047012,-77.0074997
ADW,2009,38.9373016,-77.0329971
ADW,2009,38.9501991,-77.0199966
ADW,2009,38.9296989,-77.0318985
ADW,2009,38.8796005,-76.9358978
ADW,2009,38.9084015,-76.9831009
ADW,2009,38.9262009,-77.0252991
ADW,2009,38.8289986,-76.9917984
ADW,2009,38.8810005,-76.9281006
ADW,2009,38.9449005,-77.0357971
ADW,2009,38.8672981,-76.978302
ADW,2009,38.8553009,-76.9912033
ADW,2009,38.8592987,-76.9684982
ADW,2009,38.9080009,-77.0319977
ADW,2009,38.9168015,-77.0322037
ADW,2009,38.9410019,-77.0299988
ADW,2009,38.9174004,-76.9709015
ADW,2009,38.906601,-76.9354019
ADW,2009,38.9216003,-76.9845963
ADW,2009,38.9291992,-76.995697
ADW,2009,38.9048996,-77.0117035
ADW,2009,38.8286018,-76.9968033
ADW,2009,38.9020004,-76.9329987
ADW,2009,38.9011002,-77.0374985
ADW,2009,38.9173012,-77.031601
ADW,2009,38.9192009,-77.0174026
ADW,2009,38.8964996,-76.9469986
ADW,2009,38.9345016,-77.0261993
ADW,2009,38.9099007,-76.986702
ADW,2009,38.8569984,-76.9904022
ADW,2009,38.8606987,-76.9688034
ADW,2009,38.9575996,-77.0286026
ADW,2009,38.8959999,-76.9273987
ADW,2009,38.906601,-77.0267029
ADW,2009,38.8190994,-77.0108032
ADW,2009,38.8958015,-76.9205017
ADW,2009,38.9365997,-77.0350037
ADW,2009,38.9202003,-77.0149002
ADW,2009,38.9264984,-77.036499
ADW,2009,38.9057007,-76.9884033
ADW,2009,38.8525009,-76.9759979
ADW,2009,38.9252014,-77.0351028
ADW,2009,38.8964996,-76.9714966
ADW,2009,38.9252014,-77.0330963
ADW,2009,38.8459015,-76.9710007
ADW,2009,38.9356995,-77.0242004
ADW,2009,38.9373016,-77.0329971
ADW,2009,38.9415016,-77.0334015
ADW,2009,38.889801,-76.917099
ADW,2009,38.8862991,-76.9378967
ADW,2009,38.9252014,-77.0351028
ADW,2009,38.9612999,-77.0287018
ADW,2009,38.8366013,-77.0024033
ADW,2009,38.8927994,-76.9200974
ADW,2009,38.8746986,-76.9364014
ADW,2009,38.8569984,-76.9904022
ADW,2009,38.8661003,-76.9821014
ADW,2009,38.9208984,-76.990799
ADW,2009,38.9011002,-77.0419998
ADW,2009,38.8885002,-76.9776993
ADW,2009,38.8875008,-76.9356995
ADW,2009,38.8330994,-77.0058975
ADW,2009,38.896801,-76.9469986
ADW,2009,38.9561996,-77.0279999
ADW,2009,38.8931007,-76.9301987
ADW,2009,38.9063988,-77.0215988
ADW,2009,38.8646011,-76.9613037
ADW,2009,38.9441986,-77.0263977
ADW,2009,38.9003983,-76.9889984
ADW,2009,38.8871994,-76.9766998
ADW,2009,38.8771019,-77.0215988
ADW,2009,38.9622002,-77.0299988
ADW,2009,38.8991013,-76.9313965
ADW,2009,38.9035988,-77.0509033
ADW,2009,38.8928986,-76.9143982
ADW,2009,38.9043999,-76.9817963
ADW,2009,38.9718018,-77.0179977
ADW,2009,38.8717003,-76.9758987
ADW,2009,38.8973007,-77.0218964
ADW,2009,38.9123001,-77.0454025
ADW,2009,38.8437996,-77.0021973
ADW,2009,38.8479996,-77.0018005
ADW,2009,38.9057999,-76.9784012
ADW,2009,38.9085999,-77.0487976
ADW,2009,38.9266014,-77.0229034
ADW,2009,38.8434982,-76.9787979
ADW,2009,38.9002991,-76.939003
ADW,2009,38.9309998,-77.0262985
ADW,2009,38.8960991,-76.9854965
ADW,2009,38.9421997,-77.0195999
ADW,2009,38.8680992,-76.9853973
ADW,2009,38.8810997,-76.9445038
ADW,2009,38.895401,-77.0106964
ADW,2009,38.8717995,-76.9745026
ADW,2009,38.8254013,-77.0001984
ADW,2009,38.837101,-76.9906998
ADW,2009,38.8774986,-76.9301987
ADW,2009,38.8942986,-76.9787979
ADW,2009,38.8930016,-76.9284973
ADW,2009,38.925499,-77.0304031
ADW,2009,38.9057999,-76.9778976
ADW,2009,38.9028015,-77.0011978
ADW,2009,38.9118996,-76.9870987
ADW,2009,38.8972015,-76.9806976
ADW,2009,38.9323006,-77.0227966
ADW,2009,38.8834,-76.9764023
ADW,2009,38.8686981,-76.9842987
ADW,2009,38.8969002,-77.0055008
ADW,2009,38.9061012,-76.9765015
ADW,2009,38.8728981,-76.9702988
ADW,2009,38.8339996,-76.9953003
ADW,2009,38.9394989,-77.032402
ADW,2009,38.8802986,-76.9263992
ADW,2009,38.9051018,-76.9521027
ADW,2009,38.9294014,-77.0206985
ADW,2009,38.9334984,-77.0298004
ADW,2009,38.8460007,-76.9710007
ADW,2009,38.9348984,-77.0360031
ADW,2009,38.9818993,-77.0255966
ADW,2009,38.8445015,-76.9793015
ADW,2009,38.9434013,-77.0261993
ADW,2009,38.908699,-77.0190964
ADW,2009,38.8456993,-76.979599
ADW,2009,38.8652992,-76.9736023
ADW,2009,38.9444008,-76.9977036
ADW,2009,38.9639015,-77.0074005
ADW,2009,38.8604012,-76.9944992
ADW,2009,38.9515991,-77.0121002
ADW,2009,38.8478012,-76.967598
ADW,2009,38.9109001,-77.0307999
ADW,2009,38.8844986,-76.9963989
ADW,2009,38.8471985,-76.9705963
ADW,2009,38.8923988,-76.9196014
ADW,2009,38.8460999,-76.9785004
ADW,2009,38.8585014,-76.9906006
ADW,2009,38.9131012,-77.0081024
ADW,2009,38.8888016,-76.9854965
ADW,2009,38.8423996,-76.9871979
ADW,2009,38.8801003,-76.9319992
ADW,2009,38.9283981,-77.0431976
ADW,2009,38.9486008,-77.0202026
ADW,2009,38.8964996,-76.9829025
ADW,2009,38.8293991,-77.0028
ADW,2009,38.8426018,-76.987999
ADW,2009,38.8451996,-76.9769974
ADW,2009,38.8791008,-76.9375992
ADW,2009,38.860199,-76.9935989
ADW,2009,38.8414993,-76.9941025
ADW,2009,38.8834,-76.9764023
ADW,2009,38.8596001,-76.9988022
ADW,2009,38.8959007,-76.9793015
ADW,2009,38.9189987,-77.0212021
ADW,2009,38.9169998,-77.0319977
ADW,2009,38.9286995,-77.0363007
ADW,2009,38.9308014,-77.0310974
ADW,2009,38.8927994,-76.9292984
ADW,2009,38.8941002,-76.9232025
ADW,2009,38.9030991,-77.0335007
ADW,2009,38.9095001,-77.0484009
ADW,2009,38.8782997,-77.0143967
ADW,2009,38.8950996,-77.0136032
ADW,2009,38.8900986,-76.9487
ADW,2009,38.8496017,-76.9776001
ADW,2009,38.8853989,-76.9514999
ADW,2009,38.8473015,-76.9692993
ADW,2009,38.9057007,-77.0511017
ADW,2009,38.9165993,-77.0048981
ADW,2009,38.950901,-77.0180969
ADW,2009,38.9324989,-77.0238037
ADW,2009,38.8670998,-76.9880981
ADW,2009,38.9295006,-77.0326996
ADW,2009,38.8465004,-76.9814987
ADW,2009,38.8689003,-76.9427032
ADW,2009,38.8581009,-76.9738998
ADW,2009,38.9576988,-77.0213013
ADW,2009,38.8764,-77.010498
ADW,2009,38.8466988,-77
ADW,2009,38.8814011,-76.9284973
ADW,2009,38.8965988,-76.9841995
ADW,2009,38.9155998,-77.004303
ADW,2009,38.9001999,-76.9950027
ADW,2009,38.9651985,-77.0330963
ADW,2009,38.8919983,-76.9529037
ADW,2009,38.8769989,-77.0038986
ADW,2009,38.9239006,-76.9974976
ADW,2009,38.8727989,-76.9751968
ADW,2009,38.9539986,-77.0251007
ADW,2009,38.8456001,-76.9801025
ADW,2009,38.8869019,-76.9972992
ADW,2009,38.9155998,-77.020401
ADW,2009,38.9550018,-77.0277023
ADW,2009,38.8230019,-77.0084991
ADW,2009,38.8862991,-76.9411011
ADW,2009,38.8224983,-77.0102997
ADW,2009,38.9090996,-77.0192032
ADW,2009,38.8975983,-76.9464035
ADW,2009,38.9252014,-76.9952011
ADW,2009,38.9185982,-76.9865036
ADW,2009,38.8223991,-77.0016022
ADW,2009,38.915699,-77.0122986
ADW,2009,38.8302002,-77.0057983
ADW,2009,38.8688011,-76.9617996
ADW,2009,38.9714012,-77.0273972
ADW,2009,38.9193993,-77.0323029
ADW,2009,38.864399,-76.9924011
ADW,2009,38.9614983,-77.026001
ADW,2009,38.9057007,-76.9814987
ADW,2009,38.9211006,-76.9822006
ADW,2009,38.9017982,-76.9736023
ADW,2009,38.8791008,-76.9638977
ADW,2009,38.9365997,-77.0238037
ADW,2009,38.8987007,-77.0222015
ADW,2009,38.9233017,-77.0766983
ADW,2009,38.847599,-76.9785995
ADW,2009,38.9047012,-76.9834976
ADW,2009,38.8849983,-76.9921036
ADW,2009,38.9065018,-77.0354996
ADW,2009,38.8777008,-77.0149002
ADW,2009,38.8908997,-76.9346008
ADW,2009,38.9012985,-76.986702
ADW,2009,38.8936005,-76.9237976
ADW,2009,38.8522987,-76.9817963
ADW,2009,38.8913994,-76.9412003
ADW,2009,38.9012985,-76.9353027
ADW,2009,38.9113007,-77.0194016
ADW,2009,38.8988991,-76.9765015
ADW,2009,38.8930016,-76.9397964
ADW,2009,38.8931999,-76.9231033
ADW,2009,38.8445015,-76.9990997
ADW,2009,38.8232994,-77.006897
ADW,2009,38.9688988,-77.0345993
ADW,2009,38.9025993,-76.9860001
ADW,2009,38.9169998,-77.0270004
ADW,2009,38.9410019,-77.0318985
ADW,2009,38.8717995,-76.9695969
ADW,2009,38.9045982,-76.9458008
ADW,2009,38.8638992,-76.9505997
ADW,2009,38.8894997,-76.9781036
ADW,2009,38.8748016,-76.9719009
ADW,2009,38.8973007,-76.9365997
ADW,2009,38.8832016,-76.983902
ADW,2009,38.9117012,-77.0598984
ADW,2009,38.8872986,-76.9169006
ADW,2009,38.910099,-77.0426025
ADW,2009,38.8342018,-76.9954987
ADW,2009,38.9021988,-76.9358978
ADW,2009,38.8889999,-76.9321976
ADW,2009,38.8468018,-76.9964981
ADW,2009,38.9154015,-77.0317001
ADW,2009,38.919899,-76.9723969
ADW,2009,38.905201,-77.0047989
ADW,2009,38.9073982,-76.987999
ADW,2009,38.8237,-77.0075989
ADW,2009,38.8740005,-76.9344025
ADW,2009,38.882,-76.9266968
ADW,2009,38.8917007,-76.9476013
ADW,2009,38.9300003,-77.0233994
ADW,2009,38.9352989,-77.0330963
ADW,2009,38.9453011,-77.0267029
ADW,2009,38.8464012,-76.9725037
ADW,2009,38.9323006,-77.0320969
ADW,2009,38.8227005,-77.0080032
ADW,2009,38.8548012,-76.9708023
ADW,2009,38.9338989,-76.9731979
ADW,2009,38.8991013,-76.9796982
ADW,2009,38.8950996,-76.9136963
ADW,2009,38.8749008,-76.933197
ADW,2009,38.8833008,-76.9464035
ADW,2009,38.8224983,-77.0102997
ADW,2009,38.9225998,-76.9649963
ADW,2009,38.8319016,-77.0009003
ADW,2009,38.9547005,-76.9994965
ADW,2009,38.8983002,-77.0435028
ADW,2009,38.928299,-76.9934006
ADW,2009,38.9331017,-77.028801
ADW,2009,38.8883018,-76.933403
ADW,2009,38.8595009,-76.9968033
ADW,2009,38.9221992,-77.0263977
ADW,2009,38.9124985,-76.9856033
ADW,2009,38.8606987,-77.0034027
ADW,2009,38.9081993,-76.9319992
ADW,2009,38.9033012,-77.0146027
ADW,2009,38.903801,-76.9932022
ADW,2009,38.9020996,-77.0459976
ADW,2009,38.885601,-76.955101
ADW,2009,38.9051018,-76.9810028
ADW,2009,38.9424019,-77.0056992
ADW,2009,38.9659004,-77.0192032
ADW,2009,38.9552994,-77.0276031
ADW,2009,38.9039993,-76.9235992
ADW,2009,38.921299,-77.0006027
ADW,2009,38.8927002,-76.9509964
ADW,2009,38.9042015,-76.9725037
ADW,2009,38.9063988,-76.927002
ADW,2009,38.9514999,-76.9886017
ADW,2009,38.8693008,-76.9697037
ADW,2009,38.8600998,-76.9652023
ADW,2009,38.9225998,-77.0423965
ADW,2009,38.8925018,-76.9765015
ADW,2009,38.9034996,-77.0327988
ADW,2009,38.9548988,-77.0101013
ADW,2009,38.8722992,-77.0182037
ADW,2009,38.8839989,-76.9461975
ADW,2009,38.8320007,-76.9979019
ADW,2009,38.8456001,-76.9801025
ADW,2009,38.8880997,-76.9410019
ADW,2009,38.8488007,-76.9738007
ADW,2009,38.9019012,-76.9840012
ADW,2009,38.8818016,-76.9349976
ADW,2009,38.9071999,-77.0296021
ADW,2009,38.8991013,-77.0218964
ADW,2009,38.9276009,-77.0310974
ADW,2009,38.9292984,-77.0262985
ADW,2009,38.9084015,-76.9843979
ADW,2009,38.9401016,-76.9933014
ADW,2009,38.9075012,-77.0327988
ADW,2009,38.9017982,-76.9736023
ADW,2009,38.8586998,-76.9917984
ADW,2009,38.8937988,-76.9301987
ADW,2009,38.844101,-76.9779968
ADW,2009,38.8480988,-76.9704971
ADW,2009,38.9375992,-77.0326996
ADW,2009,38.8376007,-76.9885025
ADW,2009,38.9625015,-77.0289993
ADW,2009,38.9588013,-77.0010986
ADW,2009,38.9648018,-77.032402
ADW,2009,38.9477005,-77.0162964
ADW,2009,38.9168015,-77.0322037
ADW,2009,38.9217987,-76.9872971
ADW,2009,38.905201,-77.0282974
ADW,2009,38.8628006,-76.9708023
ADW,2009,38.8662987,-76.9465027
ADW,2009,38.8931007,-76.9301987
ADW,2009,38.8955002,-76.9291
ADW,2009,38.9053993,-76.9787979
ADW,2009,38.8779984,-76.9302979
ADW,2009,38.9062996,-77.0080032
ADW,2009,38.9166985,-77.033699
ADW,2009,38.9262009,-76.9618988
ADW,2009,38.8510017,-76.9741974
ADW,2009,38.8737984,-77.0121994
ADW,2009,38.9561996,-77.0224991
ADW,2009,38.9213982,-77.0019989
ADW,2009,38.9021988,-77.0371017
ADW,2009,38.9145012,-76.9860001
ADW,2009,38.8419991,-76.9869995
ADW,2009,38.8923988,-76.9789963
ADW,2009,38.8260002,-77.0113983
ADW,2009,38.8846016,-76.9773026
ADW,2009,38.9132004,-77.0102997
ADW,2009,38.9219017,-77.0430984
ADW,2009,38.850399,-76.9658966
ADW,2009,38.894001,-76.9235992
ADW,2009,38.9193993,-77.0110016
ADW,2009,38.9146996,-76.9712982
ADW,2009,38.8511009,-76.9645004
ADW,2009,38.8300018,-77.0034027
ADW,2009,38.8872986,-76.9284973
ADW,2009,38.8917007,-76.982399
ADW,2009,38.9233017,-77.0257034
